order_id,order_date,customer_id,country,product_category,quantity,unit_price,discount_pct,total_amount,shipping_mode,shipping_days,payment_terms,customer_rating,delayed,returned
EXP1001,2025-01-01,C160,UAE,Spices,301,17.97,5,5138.52,Sea,12,LC,5,0,0
EXP1002,2025-01-02,C132,Saudi Arabia,Coir Products,637,5.8,5,3509.87,Sea,17,Net30,5,0,0
EXP1003,2025-01-02,C087,USA,Textiles,896,12.2,0,10931.2,Sea,29,Advance,3,1,0
EXP1004,2025-01-02,C192,UAE,Tea,435,8.52,5,3520.89,Sea,17,Advance,3,0,0
EXP1005,2025-01-03,C227,UK,Tea,304,7.57,0,2301.28,Sea,29,LC,4,1,0
EXP1006,2025-01-03,C001,Saudi Arabia,Spices,264,16.17,0,4268.88,Sea,18,Net30,3,1,0
EXP1007,2025-01-03,C166,USA,Tea,962,9.1,5,8316.49,Sea,27,Advance,3,1,0
EXP1008,2025-01-04,C299,USA,Coir Products,1217,5.92,5,6844.41,Sea,26,LC,4,0,0
EXP1009,2025-01-04,C085,Singapore,Rubber Goods,865,10.94,0,9463.1,Sea,23,Net60,5,0,0
EXP1010,2025-01-04,C085,UK,Rubber Goods,1091,,5,6954.58,Sea,26,Net60,5,0,0
EXP1011,2025-01-04,C264,Singapore,Rubber Goods,903,7.88,10,6404.08,Air,4,Advance,,0,0
EXP1012,2025-01-04,C019,UK,Coir Products,404,4.97,10,1807.09,Sea,23,LC,4,0,0
EXP1013,2025-01-04,C120,Netherlands,Spices,415,17.16,0,7121.4,Air,5,Advance,3,0,0
EXP1014,2025-01-04,C138,Germany,Tea,831,8.63,10,6454.38,Sea,23,LC,4,0,0
EXP1015,2025-01-04,C240,UAE,Tea,857,9.91,5,8068.23,Air,5,Net60,3,0,0
EXP1016,2025-01-05,C039,Australia,Spices,130,17.03,0,2213.9,Sea,24,Net60,4,0,0
EXP1017,2025-01-06,C131,UK,Spices,197,17.59,5,3291.97,Sea,23,Advance,4,0,0
EXP1018,2025-01-06,C046,UAE,Coir Products,478,5.69,10,2447.84,Sea,14,Advance,4,0,0
EXP1019,2025-01-06,C237,UAE,Tea,370,7.49,0,2771.3,Sea,6,LC,4,0,0
EXP1020,2025-01-06,C190,Saudi Arabia,Spices,349,16.59,0,5789.91,Sea,16,LC,4,0,0
EXP1021,2025-01-06,C150,UAE,Cashew,395,10.5,0,4147.5,Air,,Advance,4,0,0
EXP1022,2025-01-07,C118,USA,Tea,494,9.08,10,4036.97,Sea,29,Advance,4,0,0
EXP1023,2025-01-07,C046,UAE,Seafood,89,17.07,0,1519.23,Air,5,LC,3,0,0
EXP1024,2025-01-07,C277,UK,Tea,321,8.75,0,2808.75,Sea,29,Advance,3,1,0
EXP1025,2025-01-08,C195,UK,Coir Products,1427,5.82,15,7059.37,Sea,25,Net30,4,0,0
EXP1026,2025-01-08,C096,UK,Spices,497,14.28,5,6742.3,Air,7,Net30,4,0,0
EXP1027,2025-01-08,C125,USA,Coir Products,689,6.39,0,4402.71,Sea,31,LC,2,1,1
EXP1028,2025-01-09,C218,UAE,Spices,415,16.5,0,6847.5,Sea,19,LC,5,0,0
EXP1029,2025-01-09,C216,Germany,Spices,331,19.61,0,6490.91,Sea,27,Net30,4,0,0
EXP1030,2025-01-10,C139,USA,Textiles,883,16.21,0,14313.43,Sea,31,Advance,3,1,1
EXP1031,2025-01-11,C091,Germany,Tea,710,8.8,5,5935.6,Sea,28,Net60,3,0,0
EXP1032,2025-01-11,C198,UAE,Spices,270,15.79,0,4263.3,Sea,9,Advance,3,0,0
EXP1033,2025-01-11,C198,UAE,Rubber Goods,868,7.98,0,6926.64,Sea,22,Net60,3,1,0
EXP1034,2025-01-11,C180,USA,Spices,343,18.75,0,6431.25,Sea,35,Advance,4,1,0
EXP1035,2025-01-12,C022,UK,Textiles,550,13.47,10,6667.65,Sea,25,Net30,5,0,0
EXP1036,2025-01-13,C142,USA,Textiles,482,13.05,0,6290.1,Sea,26,Advance,3,1,1
EXP1037,2025-01-13,C185,Singapore,Tea,1095,9.61,5,9996.8,Air,4,Net30,4,0,0
EXP1038,2025-01-14,C286,USA,Coir Products,734,6.36,0,4668.24,Sea,28,Net30,2,1,0
EXP1039,2025-01-14,C158,UK,Spices,401,17.25,10,6225.52,Sea,26,Advance,4,0,0
EXP1040,2025-01-14,C103,Germany,Cashew,839,8.82,5,7029.98,Air,7,Net30,5,0,0
EXP1041,2025-01-14,C167,UAE,Tea,619,9.49,0,5874.31,Air,3,Advance,4,0,0
EXP1042,2025-01-15,C054,UK,Spices,362,16.34,5,5619.33,Sea,20,LC,5,0,0
EXP1043,2025-01-16,C028,USA,Tea,460,9.23,0,4245.8,Sea,30,LC,4,0,0
EXP1044,2025-01-16,C204,UK,Seafood,289,16.29,0,4707.81,Air,7,Net30,3,1,0
EXP1045,2025-01-16,C296,UAE,Cashew,305,8.51,5,2465.77,Air,6,Net60,3,0,0
EXP1046,2025-01-17,C254,Singapore,Rubber Goods,2331,8.08,10,16951.03,Sea,17,LC,4,0,0
EXP1047,2025-01-17,C176,Netherlands,Textiles,218,,0,3239.48,Sea,29,Net30,5,0,0
EXP1048,2025-01-17,C013,UAE,Textiles,500,15.07,10,6781.5,Sea,15,Net60,3,0,0
EXP1049,2025-01-17,C297,Germany,Coir Products,1000,6.08,5,5776.0,Sea,29,Net30,3,1,0
EXP1050,2025-01-17,C135,Saudi Arabia,Seafood,302,12.2,5,3500.18,Air,5,LC,5,0,0
EXP1051,2025-01-18,C087,USA,Coir Products,610,6.92,5,4010.14,Air,7,LC,4,0,0
EXP1052,2025-01-18,C268,Singapore,Tea,137,9.44,5,1228.62,Sea,17,Advance,5,0,0
EXP1053,2025-01-19,C224,Germany,Textiles,244,11.98,0,2923.12,Sea,27,LC,5,0,0
EXP1054,2025-01-19,C225,Australia,Textiles,617,12.68,0,7823.56,Air,7,Advance,4,0,0
EXP1055,2025-01-19,C084,Netherlands,Spices,64,18.5,0,1184.0,Sea,28,Net30,5,0,0
EXP1056,2025-01-19,C298,UAE,Tea,650,9.73,5,6008.28,Sea,17,Net30,3,0,0
EXP1057,2025-01-22,C136,UK,Tea,868,8.47,5,6984.36,Sea,26,Net30,5,0,0
EXP1057,2025-01-22,C136,UK,Tea,868,8.47,5,6984.36,Sea,26,Net30,5,0,0
EXP1058,2025-01-22,C160,Germany,Seafood,357,17.59,5,5965.65,Air,7,Advance,5,0,0
EXP1059,2025-01-22,C226,UAE,Tea,795,7.06,10,5051.43,Sea,17,Advance,3,0,0
EXP1060,2025-01-22,C198,USA,Seafood,55,14.0,0,770.0,Air,8,Net30,4,0,0
EXP1061,2025-01-22,C052,Netherlands,Coir Products,624,4.51,10,2532.82,Sea,21,LC,5,0,0
EXP1062,2025-01-23,C091,UAE,Cashew,191,9.82,0,1875.62,Sea,17,Net60,4,0,0
EXP1063,2025-01-23,C109,UK,Spices,93,21.26,0,1977.18,Sea,26,LC,4,1,0
EXP1064,2025-01-23,C285,Singapore,Rubber Goods,478,9.98,0,4770.44,Sea,22,Advance,4,0,0
EXP1065,2025-01-24,C215,USA,Coir Products,1656,6.17,10,9195.77,Sea,32,Net30,3,1,0
EXP1066,2025-01-24,C110,UK,Tea,1192,8.31,10,8914.97,Air,6,Net30,4,0,0
EXP1067,2025-01-26,C221,Netherlands,Tea,260,8.76,0,2277.6,Sea,27,Advance,3,1,0
EXP1068,2025-01-26,C222,UK,Tea,478,9.51,5,4318.49,Sea,22,Net30,5,0,0
EXP1069,2025-01-26,C119,UAE,Tea,574,7.31,0,4195.94,Air,5,Advance,5,0,0
EXP1070,2025-01-27,C121,UAE,Cashew,313,10.24,0,3205.12,Sea,12,LC,,0,0
EXP1071,2025-01-27,C269,Netherlands,Rubber Goods,1263,9.38,15,10069.9,Sea,30,Advance,5,0,0
EXP1072,2025-01-27,C169,USA,Textiles,414,12.24,5,4813.99,Sea,31,Net30,5,0,0
EXP1073,2025-01-27,C045,UK,Textiles,372,12.74,0,4739.28,Sea,21,Net30,4,0,0
EXP1074,2025-01-27,C216,UAE,Coir Products,431,6.01,5,2460.79,Air,5,Advance,4,0,0
EXP1075,2025-01-28,C177,UK,Seafood,195,16.54,0,3225.3,Air,3,Net30,5,0,0
EXP1076,2025-01-28,C153,Australia,Seafood,26,14.8,0,384.8,Air,7,Net30,3,0,1
EXP1077,2025-01-30,C218,UK,Tea,401,9.08,5,3459.03,Air,6,LC,4,0,0
EXP1078,2025-01-30,C273,Netherlands,Rubber Goods,693,8.58,5,5648.64,Sea,17,Advance,5,0,0
EXP1079,2025-01-30,C100,USA,Tea,513,11.12,0,5704.56,Air,7,LC,4,0,0
EXP1080,2025-01-31,C126,UK,Cashew,183,10.83,0,1981.89,Air,,Advance,4,0,0
EXP1081,2025-01-31,C057,Singapore,Rubber Goods,711,7.96,10,5093.6,Sea,20,Net60,4,0,0
EXP1082,2025-01-31,C195,UK,Cashew,401,13.02,10,4698.92,Sea,27,Net30,5,0,0
EXP1083,2025-01-31,C121,USA,Spices,305,16.81,0,5127.05,Air,7,Advance,4,0,0
EXP1084,2025-02-01,C103,Singapore,Textiles,868,11.78,10,9202.54,Sea,23,LC,5,0,0
EXP1085,2025-02-01,C209,USA,Spices,134,18.54,5,2360.14,Sea,34,LC,4,0,0
EXP1086,2025-02-01,C123,UK,Cashew,316,12.42,0,3924.72,Sea,29,Advance,4,0,0
EXP1087,2025-02-01,C140,Netherlands,Tea,130,9.39,0,1220.7,Sea,30,LC,2,1,0
EXP1088,2025-02-02,C133,UAE,Textiles,823,13.84,5,10820.8,Sea,20,Advance,4,1,0
EXP1089,2025-02-02,C078,USA,Seafood,123,13.22,0,1626.06,Air,9,Advance,4,0,0
EXP1090,2025-02-02,C038,UAE,Spices,471,17.87,5,7995.93,Sea,12,LC,4,0,0
EXP1091,2025-02-02,C249,USA,Tea,801,10.33,0,8274.33,Sea,37,LC,3,0,0
EXP1092,2025-02-02,C028,UAE,Textiles,502,11.93,5,5689.42,Sea,16,LC,2,1,0
EXP1093,2025-02-04,C098,Saudi Arabia,Coir Products,649,5.82,10,3399.46,Sea,21,LC,3,1,1
EXP1094,2025-02-04,C201,UAE,Spices,102,17.16,0,1750.32,Sea,,LC,5,0,0
EXP1095,2025-02-04,C040,Saudi Arabia,Spices,281,16.49,0,4633.69,Sea,20,LC,4,0,0
EXP1096,2025-02-05,C197,USA,Coir Products,1151,6.18,10,6401.86,Sea,,LC,4,0,0
EXP1097,2025-02-05,C220,USA,Textiles,654,14.74,5,9157.96,Sea,,Net60,4,1,0
EXP1098,2025-02-05,C199,USA,Textiles,1155,14.73,10,15311.84,Sea,30,Advance,5,1,0
EXP1099,2025-02-05,C092,Saudi Arabia,Spices,220,15.89,0,3495.8,Sea,18,Net30,5,0,0
EXP1100,2025-02-06,C006,UK,Coir Products,587,4.81,5,2682.3,Sea,,Advance,5,0,0
EXP1101,2025-02-06,C267,USA,Tea,258,9.28,0,2394.24,Air,10,LC,5,0,0
EXP1102,2025-02-06,C098,Singapore,Tea,1314,8.45,15,9437.8,Sea,20,LC,5,0,0
EXP1103,2025-02-07,C242,Germany,Cashew,135,13.43,0,1813.05,Air,5,Net30,3,1,0
EXP1104,2025-02-07,C060,UAE,Tea,691,11.04,0,7628.64,Sea,23,Net60,4,0,0
EXP1105,2025-02-07,C049,Australia,Textiles,874,17.34,5,14397.4,Sea,30,LC,5,0,0
EXP1106,2025-02-07,C234,USA,Rubber Goods,995,7.1,10,6358.05,Sea,29,LC,4,0,0
EXP1107,2025-02-07,C282,UAE,Coir Products,437,6.41,0,2801.17,Sea,12,Net30,3,0,0
EXP1108,2025-02-08,C259,UK,Textiles,230,15.46,5,3378.01,Sea,29,Advance,3,0,0
EXP1109,2025-02-08,C226,UAE,Spices,251,19.64,0,4929.64,Air,3,LC,4,0,0
EXP1110,2025-02-09,C075,USA,Spices,381,17.23,5,6236.4,Air,6,Net30,3,0,0
EXP1111,2025-02-09,C274,Saudi Arabia,Spices,188,20.76,0,3902.88,Sea,12,LC,3,0,0
EXP1112,2025-02-10,C201,UAE,Cashew,307,11.0,0,3377.0,Air,5,Net30,4,0,0
EXP1113,2025-02-10,C052,Singapore,Seafood,158,16.25,0,2567.5,Air,6,Advance,3,0,0
EXP1114,2025-02-10,C039,Australia,Spices,292,14.68,5,4072.23,Sea,29,Advance,5,0,0
EXP1115,2025-02-10,C262,Germany,Spices,281,19.39,0,5448.59,Air,8,Net60,4,0,0
EXP1116,2025-02-11,C083,Saudi Arabia,Tea,1058,8.72,5,8764.47,Sea,19,,5,0,0
EXP1117,2025-02-11,C230,Saudi Arabia,Textiles,772,14.78,10,10269.14,Sea,12,LC,5,0,0
EXP1118,2025-02-11,C042,Netherlands,Textiles,238,14.39,0,3424.82,Sea,30,LC,3,1,0
EXP1119,2025-02-12,C085,USA,Textiles,251,14.3,0,3589.3,Sea,31,LC,5,0,0
EXP1120,2025-02-12,C086,UAE,Seafood,348,15.91,5,5259.85,Air,4,Advance,3,1,0
EXP1121,2025-02-13,C085,UK,Tea,466,9.85,10,4131.09,Sea,27,Advance,4,0,0
EXP1121,2025-02-13,C085,UK,Tea,466,9.85,10,4131.09,Sea,27,Advance,4,0,0
EXP1122,2025-02-14,C203,UK,Textiles,1525,13.67,5,19804.41,Sea,25,LC,2,1,0
EXP1123,2025-02-14,C275,UAE,Textiles,1523,11.56,5,16725.59,Air,3,LC,5,0,1
EXP1124,2025-02-14,C274,Germany,Tea,257,9.61,5,2346.28,Air,7,Net30,3,0,0
EXP1125,2025-02-14,C223,UAE,Seafood,275,14.45,0,3973.75,Air,3,LC,4,0,0
EXP1126,2025-02-14,C061,Australia,Spices,127,15.14,0,1922.78,Sea,27,Net60,4,0,0
EXP1127,2025-02-16,C289,USA,Cashew,553,9.65,5,5069.63,Sea,31,LC,2,1,0
EXP1128,2025-02-17,C163,UAE,Cashew,914,11.37,10,9352.96,Sea,21,LC,4,0,0
EXP1129,2025-02-17,C164,UAE,Seafood,253,15.81,5,3799.93,Air,5,Net60,4,0,0
EXP1130,2025-02-18,C211,USA,Coir Products,574,4.46,0,2560.04,Sea,32,Net30,4,0,0
EXP1131,2025-02-18,C231,USA,Tea,583,8.59,10,4507.17,Air,10,LC,,0,0
EXP1132,2025-02-19,C286,UAE,Seafood,386,18.24,5,6688.61,Air,3,LC,4,0,0
EXP1133,2025-02-19,C175,USA,Cashew,620,10.4,5,6125.6,Sea,31,Net30,3,1,0
EXP1134,2025-02-19,C184,UAE,Coir Products,578,5.88,0,3398.64,Sea,17,Advance,4,0,0
EXP1135,2025-02-19,C224,USA,Cashew,247,12.38,5,2904.97,Air,9,LC,3,0,0
EXP1136,2025-02-21,C077,USA,Tea,533,9.86,10,4729.84,Sea,26,LC,5,0,0
EXP1137,2025-02-22,C093,USA,Textiles,452,15.72,5,6750.17,Air,7,Net30,5,0,0
EXP1138,2025-02-22,C188,USA,Seafood,451,10.68,10,4335.01,Air,7,Net30,3,1,0
EXP1139,2025-02-22,C020,UAE,Tea,374,10.87,0,4065.38,Sea,13,LC,4,0,0
EXP1140,2025-02-22,C097,UAE,Coir Products,776,6.46,5,4762.31,Sea,12,Net60,3,0,0
EXP1141,2025-02-24,C216,UAE,Rubber Goods,804,10.36,0,8329.44,Sea,15,Advance,5,0,0
EXP1142,2025-02-24,C293,Saudi Arabia,Cashew,139,9.97,0,1385.83,Sea,19,Net30,3,0,0
EXP1143,2025-02-24,C156,Netherlands,Seafood,162,12.61,0,2042.82,Air,8,Advance,5,0,0
EXP1144,2025-02-25,C120,Australia,Tea,1240,9.01,15,9496.54,Sea,25,Net30,5,0,0
EXP1145,2025-02-25,C133,UK,Rubber Goods,1055,7.74,5,7757.41,Air,7,LC,4,0,0
EXP1146,2025-02-26,C206,UK,Spices,222,19.41,0,4309.02,Sea,27,LC,4,0,0
EXP1147,2025-02-27,C164,USA,Coir Products,1108,6.77,5,7126.1,Sea,26,,3,1,0
EXP1148,2025-02-27,C007,Saudi Arabia,Coir Products,1430,5.94,10,7644.78,Sea,17,Net60,4,0,0
EXP1149,2025-02-27,C162,Saudi Arabia,Cashew,325,10.68,0,3471.0,Sea,21,LC,5,0,0
EXP1150,2025-02-27,C121,Singapore,Seafood,367,17.0,5,5927.05,Air,6,Advance,4,0,0
EXP1151,2025-02-28,C211,Australia,Cashew,541,10.66,5,5478.71,Sea,31,Advance,4,0,0
EXP1152,2025-03-01,C263,UK,Textiles,256,13.43,0,3438.08,Sea,29,Net30,3,1,0
EXP1153,2025-03-01,C289,Saudi Arabia,Coir Products,653,6.75,10,3966.98,Sea,16,Net30,,1,1
EXP1154,2025-03-02,C184,Singapore,Coir Products,1718,6.91,5,11277.81,Sea,17,LC,2,1,0
EXP1155,2025-03-02,C109,USA,Coir Products,1953,6.78,10,11917.21,Sea,33,Advance,3,1,0
EXP1156,2025-03-03,C134,Australia,Spices,454,17.64,0,8008.56,Sea,27,Net30,4,1,0
EXP1157,2025-03-03,C053,UAE,Coir Products,509,4.46,10,2043.13,Air,4,LC,5,0,0
EXP1158,2025-03-03,C281,Netherlands,Seafood,43,15.72,5,642.16,Air,7,Advance,5,0,0
EXP1159,2025-03-03,C255,Saudi Arabia,Cashew,233,10.0,5,2213.5,Air,,LC,5,0,0
EXP1160,2025-03-03,C257,UAE,Cashew,155,10.83,5,1594.72,Sea,18,LC,4,0,0
EXP1161,2025-03-03,C099,Germany,Tea,1117,8.28,10,8323.88,Sea,23,Net60,4,0,0
EXP1162,2025-03-04,C097,UAE,Coir Products,205,5.99,5,1166.55,Sea,15,Net30,3,1,0
EXP1163,2025-03-04,C257,Saudi Arabia,Spices,130,15.76,5,1946.36,Air,,Advance,4,0,1
EXP1164,2025-03-04,C164,Singapore,Tea,527,7.62,0,4015.74,Sea,18,Net30,5,0,0
EXP1165,2025-03-05,C212,Germany,Coir Products,743,6.88,0,5111.84,Sea,21,LC,3,1,1
EXP1166,2025-03-06,C147,Singapore,Tea,1044,7.95,10,7469.82,Sea,22,Net60,5,0,0
EXP1167,2025-03-06,C133,UAE,Spices,391,18.0,0,7038.0,Sea,15,LC,3,0,1
EXP1168,2025-03-06,C190,USA,Textiles,511,15.6,0,7971.6,Sea,33,Net60,3,1,0
EXP1169,2025-03-07,C244,UK,Coir Products,1459,6.66,5,9231.09,Air,7,Net60,,0,0
EXP1170,2025-03-07,C101,UAE,Coir Products,583,6.57,0,3830.31,Sea,16,Net60,5,0,0
EXP1171,2025-03-07,C243,UK,Tea,1091,9.33,5,9670.08,Air,5,Advance,5,0,0
EXP1172,2025-03-07,C074,USA,Coir Products,426,6.52,5,2638.64,Air,9,Net30,5,0,0
EXP1173,2025-03-07,C121,USA,Coir Products,72,6.99,5,478.12,Air,7,Net30,5,0,0
EXP1174,2025-03-07,C274,UK,Coir Products,727,6.31,0,4587.37,Air,5,LC,4,0,0
EXP1175,2025-03-08,C287,Australia,Textiles,117,10.91,0,1276.47,Sea,33,LC,4,0,0
EXP1176,2025-03-08,C278,USA,Spices,467,16.86,10,7086.26,Sea,31,Net30,4,0,0
EXP1177,2025-03-08,C095,Australia,Seafood,254,17.34,5,4184.14,Air,6,Net60,4,0,0
EXP1178,2025-03-08,C253,UK,Spices,656,16.65,0,10922.4,Air,8,Net30,4,0,0
EXP1178,2025-03-08,C253,UK,Spices,656,16.65,0,10922.4,Air,8,Net30,4,0,0
EXP1179,2025-03-08,C281,USA,Coir Products,638,7.17,0,4574.46,Sea,32,,4,0,0
EXP1180,2025-03-09,C294,UK,Spices,103,17.86,5,1747.6,Air,6,Net30,4,0,0
EXP1181,2025-03-10,C007,UK,Coir Products,969,6.06,0,5872.14,Sea,25,Advance,5,0,0
EXP1182,2025-03-10,C224,USA,Tea,331,10.21,0,3379.51,Sea,34,,3,0,0
EXP1183,2025-03-10,C300,UK,Seafood,358,15.65,5,5322.56,Air,3,Net30,4,0,0
EXP1184,2025-03-10,C230,UAE,Tea,270,9.19,5,2357.23,Sea,22,Net30,3,0,0
EXP1185,2025-03-10,C070,USA,Textiles,1183,15.51,5,17430.91,Sea,26,Net30,4,0,0
EXP1186,2025-03-11,C229,Germany,Tea,485,7.41,0,3593.85,Sea,21,LC,4,1,0
EXP1187,2025-03-11,C032,UK,Spices,256,17.38,0,4449.28,Sea,27,LC,4,0,0
EXP1188,2025-03-11,C145,Singapore,Coir Products,1519,6.6,15,8521.59,Sea,16,Net30,4,0,0
EXP1189,2025-03-11,C188,USA,Coir Products,1258,6.05,10,6849.81,Air,7,Advance,5,0,0
EXP1190,2025-03-11,C137,Netherlands,Coir Products,472,,5,3165.7,Sea,30,Net60,3,1,0
EXP1191,2025-03-12,C210,Singapore,Rubber Goods,1082,6.49,5,6671.07,Sea,23,Net60,4,0,0
EXP1192,2025-03-12,C073,Netherlands,Cashew,548,8.77,0,4805.96,Sea,29,Net60,,0,0
EXP1193,2025-03-12,C182,Singapore,Rubber Goods,619,,10,4869.05,Sea,15,Net60,3,0,0
EXP1194,2025-03-14,C194,UAE,Tea,738,9.94,10,6602.15,Sea,11,LC,4,0,0
EXP1195,2025-03-14,C191,UK,Cashew,786,10.74,5,8019.56,Sea,28,LC,,1,1
EXP1196,2025-03-14,C087,UAE,Textiles,540,14.67,5,7525.71,Sea,12,Net30,5,0,0
EXP1197,2025-03-14,C092,Singapore,Textiles,541,15.25,0,8250.25,Sea,23,LC,5,0,0
EXP1198,2025-03-15,C078,Germany,Rubber Goods,610,7.22,10,3963.78,Sea,28,Net30,4,1,0
EXP1199,2025-03-16,C139,USA,Textiles,344,12.81,5,4186.31,Air,7,Advance,5,0,0
EXP1200,2025-03-16,C176,Australia,Seafood,223,16.36,5,3465.87,Air,8,Net60,4,0,0
EXP1201,2025-03-16,C109,UAE,Cashew,334,12.19,5,3867.89,Sea,17,LC,4,0,0
EXP1202,2025-03-17,C123,Germany,Spices,241,15.48,0,3730.68,Sea,25,Net30,4,0,0
EXP1203,2025-03-17,C086,Saudi Arabia,Textiles,479,13.67,0,6547.93,Air,4,LC,4,0,0
EXP1204,2025-03-17,C066,UAE,Coir Products,348,5.82,0,2025.36,Sea,20,Net30,4,0,0
EXP1205,2025-03-18,C198,Germany,Seafood,415,16.8,0,6972.0,Air,7,Net60,3,1,0
EXP1206,2025-03-18,C245,Singapore,Cashew,260,10.99,0,2857.4,Air,6,LC,3,0,0
EXP1207,2025-03-18,C088,UAE,Spices,608,16.82,5,9715.23,Air,4,Advance,5,0,0
EXP1208,2025-03-18,C259,UK,Spices,150,20.7,5,2949.75,Air,5,Advance,3,0,0
EXP1209,2025-03-19,C172,USA,Spices,686,16.84,10,10397.02,Sea,31,Net30,3,1,0
EXP1210,2025-03-19,C051,Saudi Arabia,Coir Products,600,5.79,0,3474.0,Air,,Net30,5,0,0
EXP1211,2025-03-19,C110,UAE,Spices,467,14.56,5,6459.54,Air,3,Net30,,0,0
EXP1212,2025-03-19,C003,Australia,Cashew,405,10.06,0,4074.3,Sea,31,Advance,3,1,0
EXP1213,2025-03-19,C012,Australia,Textiles,237,14.87,0,3524.19,Sea,28,Advance,5,0,0
EXP1214,2025-03-20,C101,UAE,Seafood,102,16.62,5,1610.48,Air,6,Net60,4,0,0
EXP1215,2025-03-20,C137,USA,Tea,308,9.65,0,2972.2,Sea,33,Net30,3,0,0
EXP1216,2025-03-21,C240,Germany,Coir Products,579,6.4,0,3705.6,Air,6,Advance,5,0,0
EXP1217,2025-03-21,C041,Saudi Arabia,Spices,275,22.51,0,6190.25,Sea,20,Advance,3,0,0
EXP1218,2025-03-21,C252,UK,Seafood,285,14.56,0,4149.6,Air,6,Advance,4,0,0
EXP1219,2025-03-22,C071,UAE,Spices,253,14.5,0,3668.5,Sea,17,Net30,3,1,0
EXP1220,2025-03-22,C042,UAE,Spices,332,15.73,0,5222.36,Sea,16,Net30,4,0,0
EXP1221,2025-03-22,C210,Netherlands,Spices,364,16.48,5,5698.78,Sea,24,Net30,3,1,0
EXP1222,2025-03-23,C233,UK,Cashew,329,9.71,5,3034.86,Air,6,Net30,3,0,0
EXP1223,2025-03-23,C182,Australia,Spices,407,18.2,5,7037.03,Sea,28,Net60,,1,0
EXP1224,2025-03-23,C035,UK,Textiles,919,16.1,5,14056.11,Sea,27,LC,3,0,0
EXP1225,2025-03-23,C035,Australia,Cashew,492,13.03,10,5769.68,Sea,30,LC,5,0,0
EXP1226,2025-03-24,C118,UAE,Cashew,509,11.67,5,5643.03,Sea,17,LC,4,0,0
EXP1227,2025-03-25,C136,UAE,Spices,315,22.63,0,7128.45,Air,5,Net60,5,0,0
EXP1228,2025-03-25,C300,Australia,Spices,522,17.23,10,8094.65,Sea,27,Net30,2,1,0
EXP1229,2025-03-25,C086,Netherlands,Coir Products,743,4.82,5,3402.2,Sea,25,LC,5,0,0
EXP1230,2025-03-25,C058,USA,Spices,187,20.27,5,3600.97,Air,10,Net30,,0,0
EXP1231,2025-03-25,C284,USA,Textiles,567,10.91,5,5876.67,Sea,29,Advance,3,0,0
EXP1232,2025-03-26,C047,UK,Tea,199,8.18,5,1546.43,Sea,27,LC,4,0,0
EXP1233,2025-03-26,C008,UK,Coir Products,293,6.37,0,1866.41,Sea,24,Net30,5,0,0
EXP1234,2025-03-26,C127,UAE,Spices,460,17.78,5,7769.86,Sea,17,Net60,5,0,0
EXP1235,2025-03-27,C121,Australia,Textiles,1228,13.68,5,15959.09,Air,7,Advance,5,0,0
EXP1236,2025-03-28,C186,USA,Spices,229,15.45,5,3361.15,Sea,33,LC,5,0,0
EXP1237,2025-03-28,C264,Saudi Arabia,Textiles,926,13.98,0,12945.48,Sea,15,Net60,2,1,0
EXP1238,2025-03-28,C280,UAE,Spices,80,20.17,0,1613.6,Sea,13,Net30,3,1,0
EXP1239,2025-03-28,C087,UAE,Rubber Goods,163,8.02,0,1307.26,Air,5,Net30,4,0,0
EXP1240,2025-03-28,C295,Germany,Textiles,1062,12.61,5,12722.23,Sea,28,LC,4,0,0
EXP1241,2025-03-29,C190,USA,Spices,370,15.31,0,5664.7,Sea,33,Advance,4,0,0
EXP1242,2025-03-29,C021,Germany,Spices,279,16.25,5,4307.06,Sea,27,LC,4,0,0
EXP1243,2025-03-29,C282,UAE,Tea,1116,,10,9461.45,Sea,16,LC,5,0,0
EXP1244,2025-03-29,C042,Netherlands,Spices,256,18.74,0,4797.44,Sea,25,Net30,4,0,0
EXP1245,2025-03-29,C177,Saudi Arabia,Spices,142,16.27,0,2310.34,Sea,19,Net30,4,0,0
EXP1246,2025-03-29,C238,Australia,Seafood,82,11.76,0,964.32,Air,7,Net30,4,0,0
EXP1247,2025-03-30,C075,UAE,Textiles,567,14.71,10,7506.51,Sea,16,Advance,5,0,0
EXP1248,2025-03-30,C082,USA,Spices,315,16.06,5,4805.95,Sea,36,LC,4,0,0
EXP1249,2025-03-30,C143,USA,Textiles,494,15.16,5,7114.59,Sea,29,Net30,5,0,0
EXP1250,2025-03-31,C266,UK,Tea,782,8.18,10,5757.08,Sea,20,Advance,3,0,0
EXP1251,2025-03-31,C068,USA,Rubber Goods,1347,7.05,15,8071.9,Sea,25,Advance,3,1,1
EXP1252,2025-03-31,C200,UAE,Spices,228,18.33,5,3970.28,Air,6,LC,4,0,0
EXP1253,2025-04-01,C136,USA,Cashew,106,14.11,0,1495.66,Sea,29,Advance,4,1,0
EXP1254,2025-04-01,C034,USA,Cashew,444,11.99,10,4791.2,Sea,29,Advance,5,0,0
EXP1255,2025-04-01,C214,USA,Spices,528,18.29,0,9657.12,Sea,32,LC,3,1,0
EXP1256,2025-04-02,C250,UAE,Spices,228,18.78,0,4281.84,Sea,,Net60,4,0,0
EXP1257,2025-04-02,C173,USA,Tea,636,7.11,10,4069.76,Sea,33,Advance,5,0,0
EXP1258,2025-04-02,C053,Germany,Seafood,113,13.85,5,1486.8,Air,7,Net30,4,0,0
EXP1259,2025-04-03,C047,USA,Coir Products,876,4.19,10,3303.4,Sea,30,Net30,1,1,0
EXP1260,2025-04-03,C128,USA,Textiles,771,16.91,5,12385.73,Sea,28,LC,3,0,0
EXP1261,2025-04-04,C152,UK,Cashew,445,13.02,5,5504.2,Sea,28,LC,2,1,0
EXP1262,2025-04-04,C166,Saudi Arabia,Seafood,639,16.75,5,10168.09,Air,4,Advance,5,0,0
EXP1263,2025-04-04,C074,USA,Coir Products,1626,6.1,15,8430.81,Sea,31,Advance,4,1,1
EXP1264,2025-04-04,C151,Germany,Coir Products,1123,4.88,15,4658.2,Sea,25,LC,3,0,0
EXP1265,2025-04-04,C089,Netherlands,Cashew,668,,0,7154.28,Sea,28,Net60,,0,0
EXP1266,2025-04-05,C206,UK,Tea,545,10.94,0,5962.3,Air,9,LC,4,0,0
EXP1267,2025-04-05,C239,Australia,Seafood,226,16.25,0,3672.5,Air,6,LC,5,0,0
EXP1268,2025-04-05,C196,Singapore,Spices,214,16.78,0,3590.92,Sea,17,Net60,4,0,0
EXP1269,2025-04-06,C001,UAE,Spices,133,14.2,5,1794.17,Air,5,Net30,5,0,0
EXP1270,2025-04-06,C298,UK,Cashew,834,12.82,5,10157.29,Sea,24,Net30,3,1,0
EXP1271,2025-04-07,C008,Saudi Arabia,Tea,1307,8.92,5,11075.52,Sea,23,LC,5,0,0
EXP1272,2025-04-07,C300,Netherlands,Spices,287,14.21,0,4078.27,Sea,27,Net60,4,0,0
EXP1273,2025-04-07,C010,UK,Spices,290,16.0,0,4640.0,Air,7,Net30,4,0,0
EXP1274,2025-04-07,C155,UAE,Coir Products,1053,5.08,5,5081.78,Sea,16,Net30,4,0,0
EXP1275,2025-04-07,C032,Germany,Seafood,214,15.75,0,3370.5,Air,6,Net30,4,0,0
EXP1276,2025-04-08,C029,UAE,Spices,145,18.45,0,2675.25,Sea,14,LC,5,0,0
EXP1277,2025-04-08,C206,Saudi Arabia,Spices,117,16.91,0,1978.47,Sea,17,Net60,3,0,0
EXP1278,2025-04-09,C219,UK,Coir Products,2050,6.56,5,12775.6,Sea,24,Net60,3,0,0
EXP1279,2025-04-09,C036,Saudi Arabia,Rubber Goods,206,8.08,0,1664.48,Sea,18,Net30,4,0,0
EXP1280,2025-04-09,C293,Australia,Tea,569,10.15,5,5486.58,Air,7,Advance,5,0,0
EXP1281,2025-04-10,C097,Germany,Rubber Goods,226,7.66,5,1644.6,Sea,27,Net30,4,0,0
EXP1282,2025-04-10,C096,Germany,Seafood,220,21.85,5,4566.65,Air,7,LC,4,0,0
EXP1283,2025-04-11,C090,Saudi Arabia,Tea,379,8.39,5,3020.82,Sea,22,Net30,2,1,0
EXP1284,2025-04-11,C139,Singapore,Cashew,144,9.81,0,1412.64,Sea,19,Advance,4,1,0
EXP1285,2025-04-11,C054,Australia,Textiles,805,12.28,0,9885.4,Sea,36,Net30,5,0,0
EXP1286,2025-04-12,C128,UAE,Coir Products,370,5.85,0,2164.5,Sea,16,Net60,4,0,0
EXP1287,2025-04-12,C063,Germany,Coir Products,263,4.76,0,1251.88,Sea,29,Advance,4,0,0
EXP1288,2025-04-13,C016,UAE,Cashew,570,11.39,5,6167.68,Air,,Net30,3,0,0
EXP1289,2025-04-13,C111,Australia,Cashew,304,8.48,0,2577.92,Sea,32,Net60,2,1,0
EXP1290,2025-04-13,C202,Germany,Cashew,232,11.21,5,2470.68,Sea,24,Advance,4,0,0
EXP1291,2025-04-13,C229,UK,Rubber Goods,1033,6.7,15,5882.94,Air,6,Advance,5,0,0
EXP1292,2025-04-13,C107,UAE,Coir Products,357,5.73,5,1943.33,Sea,15,,5,0,0
EXP1293,2025-04-13,C098,USA,Cashew,108,11.8,0,1274.4,Air,7,Net30,4,0,0
EXP1294,2025-04-13,C237,Saudi Arabia,Seafood,463,20.42,10,8509.01,Air,5,LC,5,0,0
EXP1295,2025-04-14,C205,UAE,Spices,709,15.67,10,9999.03,Sea,14,Advance,4,1,0
EXP1296,2025-04-14,C250,UAE,Spices,260,17.68,5,4366.96,Sea,15,LC,4,0,0
EXP1297,2025-04-14,C272,Australia,Coir Products,66,5.48,5,343.6,Sea,33,LC,3,1,0
EXP1298,2025-04-15,C247,Saudi Arabia,Seafood,215,14.33,0,3080.95,Air,6,Advance,4,0,0
EXP1299,2025-04-15,C281,UAE,Tea,762,8.23,10,5644.13,Sea,12,Net30,3,1,0
EXP1300,2025-04-15,C125,USA,Cashew,700,12.09,10,7616.7,Air,8,Advance,4,0,0
EXP1301,2025-04-16,C119,Netherlands,Spices,144,16.95,5,2318.76,Sea,,Net30,5,0,0
EXP1302,2025-04-16,C097,Saudi Arabia,Tea,391,11.43,5,4245.67,Sea,19,Net30,5,0,0
EXP1303,2025-04-16,C071,Germany,Textiles,652,14.7,0,9584.4,Sea,28,Net60,3,1,0
EXP1304,2025-04-16,C225,USA,Spices,442,15.82,10,6293.2,Air,8,Advance,4,0,0
EXP1305,2025-04-16,C215,USA,Seafood,346,15.3,5,5029.11,Air,6,Net30,4,0,0
EXP1306,2025-04-17,C241,UAE,Spices,378,16.27,5,5842.56,Sea,14,Net30,4,0,0
EXP1307,2025-04-18,C051,Saudi Arabia,Seafood,437,17.54,10,6898.48,Air,2,LC,5,0,0
EXP1308,2025-04-18,C148,UAE,Spices,272,14.46,0,3933.12,Sea,20,Advance,5,0,0
EXP1309,2025-04-18,C067,UAE,Rubber Goods,1467,6.71,5,9351.39,Sea,14,Advance,2,0,0
EXP1310,2025-04-18,C268,Saudi Arabia,Textiles,398,13.01,5,4919.08,Air,6,Net30,5,0,0
EXP1311,2025-04-19,C081,Netherlands,Spices,419,19.48,0,8162.12,Air,7,LC,4,0,0
EXP1312,2025-04-19,C044,Saudi Arabia,Spices,217,20.66,0,4483.22,Sea,18,Net60,4,1,0
EXP1313,2025-04-19,C171,UK,Spices,263,20.98,0,5517.74,Sea,20,Net30,3,0,0
EXP1314,2025-04-20,C264,UK,Textiles,576,14.89,0,8576.64,Sea,26,Net30,3,1,0
EXP1315,2025-04-20,C275,UK,Cashew,279,10.89,0,3038.31,Sea,20,Net60,5,0,0
EXP1316,2025-04-20,C029,USA,Coir Products,1432,6.57,10,8467.42,Sea,34,Net30,3,0,0
EXP1317,2025-04-20,C098,UK,Coir Products,597,5.18,0,3092.46,Sea,26,Advance,2,0,0
EXP1318,2025-04-21,C047,UK,Textiles,559,10.9,0,6093.1,Sea,30,Advance,4,0,0
EXP1319,2025-04-21,C093,Germany,Coir Products,1046,6.31,10,5940.23,Sea,28,Net30,3,1,0
EXP1320,2025-04-21,C161,Australia,Textiles,1907,12.31,15,19953.89,Air,6,LC,4,1,0
EXP1321,2025-04-22,C085,Netherlands,Coir Products,1067,5.95,10,5713.79,Sea,24,Net60,4,0,0
EXP1322,2025-04-22,C021,UAE,Cashew,392,11.16,0,4374.72,Sea,17,Advance,4,0,0
EXP1323,2025-04-22,C154,USA,Rubber Goods,166,8.24,5,1299.45,Air,8,Advance,5,0,0
EXP1324,2025-04-23,C016,UAE,Tea,431,10.01,0,4314.31,Air,5,Net30,5,0,0
EXP1325,2025-04-23,C069,USA,Spices,187,19.8,0,3702.6,Sea,27,Net30,4,0,0
EXP1326,2025-04-23,C001,USA,Spices,233,18.42,0,4291.86,Air,3,Net60,5,0,0
EXP1327,2025-04-23,C027,UAE,Textiles,429,13.26,0,5688.54,Sea,20,Advance,4,0,0
EXP1328,2025-04-23,C131,Saudi Arabia,Tea,650,9.12,10,5335.2,Sea,16,LC,4,0,0
EXP1329,2025-04-23,C256,UK,Rubber Goods,596,7.43,0,4428.28,Sea,29,Net30,5,0,0
EXP1330,2025-04-24,C233,Australia,Textiles,319,13.67,5,4142.69,Sea,26,Net60,5,0,0
EXP1331,2025-04-24,C030,UAE,Coir Products,1248,7.89,15,8369.71,Sea,17,Advance,4,0,0
EXP1332,2025-04-24,C011,UAE,Cashew,166,11.24,0,1865.84,Sea,12,Net30,,0,0
EXP1333,2025-04-25,C102,UK,Tea,477,,5,4300.39,Air,6,Advance,3,0,0
EXP1334,2025-04-25,C196,UAE,Cashew,346,10.07,0,3484.22,Sea,11,Net30,4,0,0
EXP1335,2025-04-25,C225,USA,Spices,347,20.2,0,7009.4,Sea,26,Advance,5,0,0
EXP1336,2025-04-26,C247,Netherlands,Textiles,1055,15.28,15,13702.34,Sea,24,Net60,5,0,0
EXP1337,2025-04-26,C103,UAE,Rubber Goods,2415,8.74,15,17941.04,Sea,20,Advance,4,0,0
EXP1338,2025-04-27,C051,UAE,Cashew,392,11.28,0,4421.76,Air,3,Net30,4,0,1
EXP1339,2025-04-28,C008,Germany,Seafood,154,17.99,0,2770.46,Air,5,Net30,4,0,0
EXP1340,2025-04-28,C045,UK,Tea,290,10.37,0,3007.3,Air,7,LC,4,0,0
EXP1341,2025-04-28,C020,Germany,Seafood,144,16.54,0,2381.76,Air,6,,5,0,0
EXP1342,2025-04-28,C259,USA,Textiles,680,13.81,0,9390.8,Sea,31,Net30,3,1,0
EXP1343,2025-04-28,C081,Singapore,Textiles,119,15.5,0,1844.5,Sea,23,Net30,3,1,0
EXP1344,2025-04-29,C247,UAE,Spices,119,16.05,0,1909.95,Sea,15,Net30,3,1,0
EXP1345,2025-04-29,C166,UK,Spices,340,16.45,0,5593.0,Air,6,Net30,3,0,0
EXP1346,2025-04-29,C162,Saudi Arabia,Textiles,962,13.91,0,13381.42,Sea,18,Advance,4,0,0
EXP1347,2025-04-30,C137,Australia,Spices,482,14.24,5,6520.5,Sea,30,Net60,,0,0
EXP1348,2025-04-30,C246,USA,Cashew,403,12.09,5,4628.66,Sea,30,Advance,4,1,0
EXP1349,2025-05-01,C014,Germany,Seafood,372,14.15,5,5000.61,Air,8,Net30,4,0,0
EXP1350,2025-05-01,C028,UAE,Rubber Goods,1243,7.55,10,8446.18,Sea,15,Net60,5,0,0
EXP1351,2025-05-01,C128,UAE,Spices,221,17.54,0,3876.34,Sea,16,Net60,4,0,0
EXP1352,2025-05-01,C119,UAE,Rubber Goods,1172,8.04,5,8951.74,Sea,17,Advance,3,0,0
EXP1353,2025-05-01,C164,Saudi Arabia,Spices,93,17.26,0,1605.18,Sea,18,Advance,4,0,0
EXP1354,2025-05-01,C222,USA,Coir Products,313,5.95,5,1769.23,Air,5,Net30,4,0,0
EXP1355,2025-05-01,C177,Saudi Arabia,Seafood,191,15.89,5,2883.24,Air,6,LC,4,0,0
EXP1356,2025-05-01,C078,UAE,Spices,84,17.03,5,1358.99,Sea,15,Net30,4,0,0
EXP1357,2025-05-02,C099,Australia,Spices,393,16.33,5,6096.81,Air,6,LC,4,0,0
EXP1358,2025-05-02,C226,Singapore,Spices,201,20.34,0,4088.34,Air,7,LC,4,0,0
EXP1359,2025-05-02,C061,UAE,Coir Products,697,4.48,10,2810.3,Sea,18,LC,3,0,0
EXP1360,2025-05-02,C152,UAE,Cashew,356,10.73,0,3819.88,Air,5,Net30,3,0,0
EXP1361,2025-05-03,C162,UAE,Spices,226,16.99,5,3647.75,Air,4,Net30,4,0,0
EXP1362,2025-05-04,C226,Singapore,Spices,173,18.9,0,3269.7,Sea,11,LC,2,1,0
EXP1363,2025-05-05,C215,USA,Textiles,765,11.56,10,7959.06,Sea,34,Advance,4,1,0
EXP1364,2025-05-05,C140,Germany,Tea,332,8.46,5,2668.28,Sea,27,LC,1,1,0
EXP1365,2025-05-05,C093,UK,Cashew,353,10.86,5,3641.9,Sea,24,Net30,4,0,0
EXP1366,2025-05-06,C111,Singapore,Rubber Goods,815,9.03,5,6991.48,Air,5,Net30,5,0,0
EXP1367,2025-05-07,C124,UK,Cashew,707,11.44,10,7279.27,Sea,30,Net60,4,0,0
EXP1368,2025-05-07,C066,UK,Seafood,422,13.73,5,5504.36,Air,8,Net60,4,0,0
EXP1369,2025-05-07,C188,Netherlands,Coir Products,561,5.65,10,2852.68,Air,7,LC,4,0,0
EXP1370,2025-05-08,C063,UAE,Seafood,139,17.7,0,2460.3,Air,3,Net60,3,1,0
EXP1371,2025-05-08,C195,Singapore,Spices,590,15.41,0,9091.9,Sea,16,LC,4,0,0
EXP1372,2025-05-08,C226,UAE,Spices,198,17.83,0,3530.34,Air,3,Net30,3,0,0
EXP1373,2025-05-09,C289,UK,Textiles,748,13.98,10,9411.34,Sea,26,LC,5,0,0
EXP1374,2025-05-10,C036,Australia,Spices,81,17.17,5,1321.23,Sea,31,Net30,3,0,0
EXP1375,2025-05-10,C228,Saudi Arabia,Seafood,48,21.18,5,965.81,Air,5,Net30,5,0,0
EXP1376,2025-05-10,C026,Saudi Arabia,Textiles,588,13.31,0,7826.28,Air,4,LC,4,0,0
EXP1377,2025-05-10,C102,USA,Rubber Goods,569,8.43,5,4556.84,Sea,30,Net60,4,0,0
EXP1378,2025-05-10,C053,UK,Tea,716,8.17,5,5557.23,Sea,22,Net60,4,0,0
EXP1379,2025-05-11,C049,USA,Coir Products,464,6.38,5,2812.3,Sea,28,Net60,5,0,0
EXP1380,2025-05-11,C053,UK,Cashew,445,12.15,10,4866.08,Air,5,LC,4,0,0
EXP1381,2025-05-12,C014,UK,Tea,694,8.36,10,5221.66,Sea,,Net60,3,1,0
EXP1382,2025-05-12,C247,USA,Textiles,357,13.91,0,4965.87,Sea,35,Net30,3,1,0
EXP1383,2025-05-12,C019,USA,Textiles,460,12.5,0,5750.0,Air,6,Net30,3,1,0
EXP1384,2025-05-13,C120,USA,Rubber Goods,311,6.9,0,2145.9,Air,9,LC,5,0,1
EXP1385,2025-05-13,C210,USA,Cashew,584,12.37,10,6501.67,Sea,24,Net30,2,1,0
EXP1386,2025-05-13,C298,UAE,Spices,385,16.8,5,6144.6,Sea,17,Net30,5,0,0
EXP1387,2025-05-14,C257,Australia,Coir Products,1072,4.26,15,3881.71,Sea,28,Net30,5,0,1
EXP1388,2025-05-14,C042,Germany,Textiles,487,16.97,5,7851.17,Sea,25,Net60,5,0,0
EXP1389,2025-05-14,C297,UAE,Spices,382,16.27,0,6215.14,Sea,13,Advance,5,0,0
EXP1390,2025-05-14,C197,Saudi Arabia,Coir Products,83,5.82,5,458.91,Air,3,Net30,4,0,0
EXP1391,2025-05-14,C054,Singapore,Tea,428,10.77,0,4609.56,Sea,16,LC,5,0,0
EXP1392,2025-05-16,C135,USA,Spices,646,17.69,0,11427.74,Air,10,LC,,0,0
EXP1393,2025-05-16,C276,UAE,Coir Products,747,5.88,5,4172.74,Sea,22,LC,5,0,0
EXP1394,2025-05-16,C118,UAE,Spices,490,15.35,5,7145.42,Air,5,LC,5,0,0
EXP1395,2025-05-16,C056,UAE,Textiles,488,11.25,0,5490.0,Sea,18,LC,4,0,0
EXP1396,2025-05-17,C263,Saudi Arabia,Spices,571,17.64,0,10072.44,Sea,16,Advance,4,0,0
EXP1397,2025-05-17,C286,Netherlands,Cashew,222,11.48,5,2421.13,Sea,24,Advance,4,0,0
EXP1398,2025-05-17,C293,UAE,Spices,358,18.66,5,6346.27,Sea,16,Net30,5,0,0
EXP1399,2025-05-18,C287,Saudi Arabia,Seafood,157,15.08,0,2367.56,Air,3,LC,4,0,0
EXP1400,2025-05-18,C262,UAE,Spices,325,18.04,0,5863.0,Sea,15,Advance,4,0,0
EXP1401,2025-05-19,C137,Germany,Coir Products,531,4.68,0,2485.08,Air,7,Advance,4,0,0
EXP1402,2025-05-19,C058,Saudi Arabia,Tea,465,9.5,0,4417.5,Sea,15,Advance,5,0,0
EXP1403,2025-05-20,C186,USA,Tea,362,9.17,5,3153.56,Sea,22,Advance,4,0,0
EXP1404,2025-05-20,C067,UAE,Coir Products,1089,7.42,10,7272.34,Sea,14,Net60,2,1,0
EXP1405,2025-05-21,C142,Germany,Seafood,306,16.01,5,4654.11,Air,7,Net30,2,1,0
EXP1406,2025-05-21,C197,Netherlands,Seafood,153,14.19,0,2171.07,Air,7,LC,4,0,1
EXP1407,2025-05-21,C284,USA,Tea,301,8.95,0,2693.95,Sea,35,LC,4,0,0
EXP1408,2025-05-22,C087,UAE,Spices,157,17.29,0,2714.53,Sea,15,Advance,4,0,0
EXP1409,2025-05-23,C076,UAE,Cashew,184,11.57,5,2022.44,Sea,9,Net30,4,0,0
EXP1410,2025-05-23,C221,Germany,Textiles,848,14.05,10,10722.96,Sea,23,Net60,4,0,0
EXP1411,2025-05-24,C002,Germany,Spices,152,15.28,0,2322.56,Sea,27,Advance,5,0,0
EXP1412,2025-05-24,C170,Singapore,Cashew,455,8.84,5,3821.09,Sea,19,Advance,5,0,0
EXP1413,2025-05-24,C224,Saudi Arabia,Coir Products,549,6.19,10,3058.48,Air,6,Net30,3,0,0
EXP1414,2025-05-25,C166,Australia,Textiles,965,16.32,10,14173.92,Sea,26,Advance,2,1,0
EXP1415,2025-05-25,C116,Singapore,Tea,1223,9.09,10,10005.36,Sea,21,Advance,5,0,0
EXP1416,2025-05-26,C249,USA,Coir Products,63,6.59,0,415.17,Sea,28,Net30,4,0,0
EXP1417,2025-05-26,C112,Germany,Spices,165,20.19,0,3331.35,Air,4,Net30,5,0,0
EXP1418,2025-05-26,C214,USA,Cashew,272,11.35,0,3087.2,Sea,31,Advance,2,1,0
EXP1419,2025-05-27,C140,USA,Spices,248,16.24,0,4027.52,Sea,29,Net30,4,0,0
EXP1420,2025-05-28,C008,Australia,Cashew,319,11.26,0,3591.94,Air,5,Advance,4,0,0
EXP1421,2025-05-28,C160,Saudi Arabia,Cashew,155,12.59,0,1951.45,Sea,16,LC,4,0,0
EXP1422,2025-05-28,C015,Netherlands,Cashew,989,11.7,0,11571.3,Sea,32,Net30,4,0,0
EXP1423,2025-05-28,C280,UK,Spices,244,19.62,0,4787.28,Sea,27,Net30,5,0,1
EXP1424,2025-05-28,C181,UK,Tea,610,8.5,0,5185.0,Sea,27,Net30,4,0,0
EXP1425,2025-05-28,C112,UK,Coir Products,994,5.85,10,5233.41,Sea,22,Net30,5,0,0
EXP1426,2025-05-28,C146,UAE,Textiles,196,13.8,5,2569.56,Sea,12,Net30,4,1,0
EXP1427,2025-05-28,C186,USA,Seafood,187,15.9,0,2973.3,Air,6,Net60,3,0,0
EXP1428,2025-05-30,C079,UK,Tea,706,10.26,5,6881.38,Sea,27,Net30,3,1,0
EXP1429,2025-05-31,C087,UAE,Seafood,493,11.49,5,5381.34,Air,4,LC,5,0,0
EXP1430,2025-06-01,C126,Australia,Spices,228,18.07,0,4119.96,Sea,27,Net30,5,0,0
EXP1431,2025-06-01,C078,UAE,Tea,186,8.91,0,1657.26,Air,6,LC,4,0,0
EXP1432,2025-06-02,C228,UAE,Spices,193,15.04,5,2757.58,Sea,19,Net30,4,0,0
EXP1433,2025-06-02,C032,Saudi Arabia,Cashew,296,11.89,0,3519.44,Air,5,LC,2,1,0
EXP1434,2025-06-03,C248,UAE,Spices,217,16.44,0,3567.48,Air,4,LC,3,1,0
EXP1435,2025-06-03,C105,Australia,Tea,263,8.61,0,2264.43,Sea,26,Net30,3,0,0
EXP1436,2025-06-04,C169,Saudi Arabia,Cashew,138,13.44,5,1761.98,Sea,21,Net30,3,1,0
EXP1437,2025-06-04,C048,UAE,Coir Products,353,6.73,0,2375.69,Sea,14,Advance,3,0,0
EXP1438,2025-06-06,C116,Saudi Arabia,Spices,194,19.24,0,3732.56,Sea,22,LC,4,0,0
EXP1439,2025-06-07,C227,Germany,Spices,420,18.82,10,7113.96,Sea,26,Net30,4,0,0
EXP1440,2025-06-07,C082,Saudi Arabia,Coir Products,1365,5.88,15,6822.27,Air,4,Net60,4,0,0
EXP1441,2025-06-08,C040,Singapore,Tea,496,11.16,0,5535.36,Sea,18,LC,4,0,0
EXP1442,2025-06-09,C157,Saudi Arabia,Spices,135,19.73,0,2663.55,Sea,16,Advance,3,1,0
EXP1443,2025-06-10,C049,Germany,Textiles,402,12.74,0,5121.48,Sea,29,LC,5,0,0
EXP1444,2025-06-12,C095,USA,Tea,100,7.49,0,749.0,Sea,33,LC,4,0,0
EXP1445,2025-06-12,C136,Saudi Arabia,Textiles,1197,14.95,10,16105.63,Sea,20,Advance,3,1,0
EXP1446,2025-06-13,C170,Netherlands,Tea,303,8.94,5,2573.38,Sea,27,Net60,4,0,0
EXP1447,2025-06-14,C192,Germany,Spices,349,14.91,5,4943.41,Air,5,LC,5,0,0
EXP1448,2025-06-15,C203,Saudi Arabia,Spices,492,18.93,10,8382.2,Sea,17,LC,3,1,0
EXP1449,2025-06-15,C254,UK,Tea,1152,8.71,5,9532.22,Sea,23,LC,2,1,0
EXP1450,2025-06-16,C020,Saudi Arabia,Spices,446,19.15,0,8540.9,Sea,21,Advance,4,0,0
EXP1451,2025-06-16,C109,Netherlands,Tea,360,9.48,0,3412.8,Sea,29,LC,4,0,0
EXP1452,2025-06-17,C001,UAE,Seafood,313,14.83,0,4641.79,Air,3,LC,4,1,0
EXP1453,2025-06-17,C003,UAE,Seafood,564,17.22,5,9226.48,Air,2,LC,4,0,0
EXP1454,2025-06-18,C064,UK,Tea,301,8.46,5,2419.14,Sea,29,Net30,2,1,0
EXP1455,2025-06-18,C180,UK,Textiles,199,13.27,0,2640.73,Air,5,LC,5,0,0
EXP1456,2025-06-18,C269,Germany,Textiles,317,,0,4155.87,Sea,26,Net30,4,1,0
EXP1457,2025-06-18,C233,UAE,Seafood,301,18.17,5,5195.71,Air,7,Net60,5,0,0
EXP1458,2025-06-19,C194,UK,Tea,366,8.7,0,3184.2,Air,5,LC,3,0,0
EXP1459,2025-06-19,C234,Germany,Tea,440,10.48,5,4380.64,Air,9,LC,4,0,0
EXP1460,2025-06-19,C052,Germany,Tea,662,10.93,0,7235.66,Sea,25,Net60,3,1,0
EXP1461,2025-06-20,C252,Germany,Spices,156,16.4,5,2430.48,Air,6,LC,4,0,1
EXP1462,2025-06-20,C268,Saudi Arabia,Tea,427,5.85,10,2248.15,Air,2,LC,4,0,0
EXP1463,2025-06-20,C029,Germany,Seafood,166,18.01,5,2840.18,Air,7,,4,0,0
EXP1464,2025-06-20,C141,Singapore,Seafood,551,15.34,0,8452.34,Air,5,Net30,4,0,0
EXP1465,2025-06-21,C250,Germany,Spices,438,16.13,0,7064.94,Sea,24,Net60,5,0,0
EXP1466,2025-06-21,C143,UK,Coir Products,588,5.58,0,3281.04,Sea,22,LC,3,0,0
EXP1467,2025-06-21,C253,Germany,Tea,354,8.55,5,2875.36,Air,5,LC,4,0,0
EXP1468,2025-06-22,C281,UAE,Coir Products,1877,6.93,10,11706.85,Sea,17,Advance,3,0,0
EXP1469,2025-06-22,C143,USA,Textiles,1344,14.27,5,18219.94,Sea,30,Advance,5,0,0
EXP1470,2025-06-22,C018,UK,Spices,360,20.77,5,7103.34,Sea,24,LC,4,0,0
EXP1471,2025-06-22,C103,Australia,Seafood,226,16.95,0,3830.7,Air,6,Advance,,0,0
EXP1472,2025-06-22,C065,Saudi Arabia,Rubber Goods,274,7.7,0,2109.8,Air,3,LC,4,0,0
EXP1473,2025-06-23,C143,UAE,Textiles,319,13.34,5,4042.69,Sea,18,LC,2,1,1
EXP1474,2025-06-24,C176,Germany,Textiles,223,14.94,5,3165.04,Sea,28,Advance,4,0,0
EXP1475,2025-06-24,C140,USA,Coir Products,1341,6.59,15,7511.61,Sea,30,LC,3,1,0
EXP1476,2025-06-24,C059,Saudi Arabia,Tea,198,10.08,0,1995.84,Sea,18,Net30,,0,0
EXP1477,2025-06-24,C091,Singapore,Spices,211,17.44,0,3679.84,Sea,18,LC,3,0,0
EXP1478,2025-06-24,C204,Germany,Textiles,140,14.29,0,2000.6,Sea,27,,5,0,0
EXP1479,2025-06-25,C009,Germany,Spices,92,19.26,0,1771.92,Sea,24,Advance,4,0,0
EXP1480,2025-06-25,C065,USA,Seafood,339,15.26,5,4914.48,Air,7,,,0,0
EXP1481,2025-06-25,C268,UK,Coir Products,877,5.18,5,4315.72,Sea,24,Net60,5,0,0
EXP1482,2025-06-26,C030,Australia,Coir Products,739,5.42,10,3604.84,Sea,22,Net60,3,0,0
EXP1483,2025-06-26,C125,Saudi Arabia,Tea,356,8.74,0,3111.44,Sea,21,LC,4,0,0
EXP1484,2025-06-26,C063,UK,Rubber Goods,196,8.64,0,1693.44,Air,,LC,4,0,0
EXP1485,2025-06-27,C032,USA,Spices,196,20.72,0,4061.12,Sea,31,Net60,4,0,0
EXP1486,2025-06-27,C127,UAE,Spices,247,15.07,0,3722.29,Sea,18,LC,4,0,0
EXP1487,2025-06-27,C157,UAE,Spices,391,16.71,5,6206.93,Air,4,Advance,5,0,0
EXP1488,2025-06-27,C053,UAE,Textiles,975,13.4,10,11758.5,Sea,12,Advance,5,0,0
EXP1489,2025-06-28,C024,USA,Rubber Goods,968,8.76,5,8055.7,Air,9,Advance,5,0,0
EXP1490,2025-06-28,C041,Netherlands,Tea,546,8.43,0,4602.78,Sea,25,Net30,4,1,0
EXP1491,2025-06-28,C196,UK,Seafood,229,15.17,0,3473.93,Air,6,Net30,4,0,0
EXP1492,2025-06-28,C259,USA,Tea,515,7.48,0,3852.2,Sea,29,LC,3,0,0
EXP1493,2025-06-28,C055,UAE,Textiles,375,14.81,5,5276.06,Air,6,Advance,4,0,0
EXP1494,2025-06-29,C097,USA,Spices,289,17.65,0,5100.85,Sea,29,Advance,3,1,0
EXP1495,2025-06-29,C104,Singapore,Coir Products,656,5.53,10,3264.91,Sea,25,Net30,2,1,0
EXP1496,2025-06-29,C109,USA,Textiles,1724,13.56,10,21039.7,Sea,28,Net60,2,1,0
EXP1497,2025-06-29,C074,Saudi Arabia,Coir Products,836,6.81,10,5123.84,Sea,20,LC,2,1,0
EXP1498,2025-06-29,C017,Singapore,Tea,94,7.91,0,743.54,Sea,20,Net30,4,0,0
EXP1499,2025-06-29,C158,UAE,Seafood,172,14.38,0,2473.36,Air,6,LC,4,0,0
EXP1500,2025-06-30,C108,Germany,Rubber Goods,536,9.2,5,4684.64,Sea,27,Net30,4,0,0
EXP1501,2025-06-30,C103,Netherlands,Coir Products,1191,6.05,15,6124.72,Air,8,LC,4,0,0
EXP1502,2025-07-01,C080,UK,Textiles,674,15.13,0,10197.62,Sea,16,Advance,3,0,0
EXP1503,2025-07-01,C279,UAE,Cashew,436,11.53,0,5027.08,Sea,19,LC,4,0,0
EXP1504,2025-07-01,C184,Australia,Tea,937,8.96,5,7975.74,Air,8,Net30,3,0,0
EXP1505,2025-07-02,C126,Australia,Seafood,561,15.33,5,8170.12,Air,9,Advance,4,0,0
EXP1506,2025-07-02,C062,UK,Tea,678,9.9,5,6376.59,Sea,25,LC,4,0,0
EXP1507,2025-07-02,C241,Germany,Cashew,288,12.53,0,3608.64,Sea,30,Net60,5,0,0
EXP1508,2025-07-02,C267,UAE,Spices,220,20.34,0,4474.8,Sea,18,Net30,3,1,0
EXP1509,2025-07-04,C010,Singapore,Tea,23,7.72,5,168.68,Sea,11,LC,4,0,0
EXP1510,2025-07-04,C279,UK,Coir Products,1392,6.94,5,9177.46,Sea,26,Advance,5,0,0
EXP1511,2025-07-04,C210,UAE,Coir Products,587,5.74,0,3369.38,Sea,15,Net30,3,1,0
EXP1512,2025-07-04,C030,Saudi Arabia,Seafood,219,14.55,0,3186.45,Air,4,Advance,4,0,0
EXP1513,2025-07-05,C226,Netherlands,Rubber Goods,475,7.84,0,3724.0,Sea,28,LC,4,0,0
EXP1514,2025-07-05,C033,Singapore,Spices,133,19.8,0,2633.4,Sea,20,Advance,3,0,0
EXP1515,2025-07-05,C016,USA,Tea,1375,9.58,10,11855.25,Sea,29,LC,4,0,0
EXP1516,2025-07-05,C035,UAE,Tea,441,8.72,0,3845.52,Sea,13,Net30,4,0,0
EXP1517,2025-07-06,C138,Netherlands,Coir Products,1619,6.6,15,9082.59,Air,7,Net30,3,0,0
EXP1518,2025-07-06,C186,Australia,Coir Products,592,6.1,0,3611.2,Sea,23,LC,2,1,0
EXP1519,2025-07-07,C123,UK,Seafood,151,14.9,0,2249.9,Air,7,Net60,4,0,0
EXP1520,2025-07-09,C037,Germany,Cashew,517,10.07,0,5206.19,Sea,22,Net30,3,0,0
EXP1521,2025-07-09,C060,UK,Spices,486,18.89,10,8262.49,Sea,20,Net30,4,0,0
EXP1522,2025-07-10,C256,UK,Coir Products,1344,5.94,15,6785.86,Sea,24,Advance,4,0,0
EXP1523,2025-07-10,C289,UAE,Textiles,490,11.69,10,5155.29,Sea,18,Advance,3,1,0
EXP1524,2025-07-11,C227,UAE,Coir Products,1095,6.61,5,6876.05,Sea,16,Net30,5,0,0
EXP1525,2025-07-11,C032,USA,Spices,194,16.96,0,3290.24,Sea,29,Net30,4,0,0
EXP1526,2025-07-12,C246,Singapore,Tea,478,10.72,10,4611.74,Sea,15,Advance,4,0,0
EXP1527,2025-07-12,C208,UAE,Coir Products,615,4.99,5,2915.41,Sea,15,LC,,0,0
EXP1528,2025-07-13,C158,USA,Spices,209,17.61,0,3680.49,Sea,28,LC,4,0,0
EXP1529,2025-07-13,C043,Germany,Cashew,392,10.08,0,3951.36,Sea,26,LC,4,0,0
EXP1530,2025-07-13,C300,UAE,Tea,218,7.95,0,1733.1,Sea,11,Advance,3,0,0
EXP1531,2025-07-14,C133,UAE,Textiles,928,13.18,0,12231.04,Sea,18,Advance,4,0,0
EXP1532,2025-07-14,C014,Germany,Coir Products,560,7.27,5,3867.64,Sea,24,LC,3,1,0
EXP1533,2025-07-14,C063,USA,Seafood,376,16.28,0,6121.28,Air,6,Net60,4,0,0
EXP1534,2025-07-14,C121,Germany,Spices,150,16.29,0,2443.5,Sea,29,Net30,4,0,0
EXP1535,2025-07-14,C019,Australia,Spices,209,14.05,5,2789.63,Sea,29,Advance,4,0,0
EXP1536,2025-07-15,C098,UAE,Tea,218,7.14,0,1556.52,Sea,18,Advance,5,0,1
EXP1537,2025-07-16,C141,Australia,Coir Products,340,5.61,0,1907.4,Sea,22,LC,5,0,0
EXP1538,2025-07-16,C285,Australia,Tea,273,8.32,0,2271.36,Sea,27,LC,2,1,0
EXP1539,2025-07-16,C026,Singapore,Cashew,202,10.7,0,2161.4,Sea,21,Net30,2,1,0
EXP1540,2025-07-17,C174,Germany,Tea,219,6.55,5,1362.73,Sea,28,LC,4,0,0
EXP1541,2025-07-17,C275,Germany,Spices,275,17.8,5,4650.25,Sea,32,Net60,3,0,0
EXP1542,2025-07-17,C242,Germany,Coir Products,1022,6.74,15,5855.04,Sea,31,Advance,4,0,0
EXP1543,2025-07-18,C278,Saudi Arabia,Cashew,526,13.14,0,6911.64,Air,4,Net60,5,0,0
EXP1544,2025-07-19,C052,UAE,Seafood,66,12.36,5,774.97,Air,5,Net30,5,0,0
EXP1545,2025-07-20,C241,Netherlands,Cashew,306,9.94,0,3041.64,Sea,23,Net30,2,1,0
EXP1546,2025-07-20,C294,Germany,Textiles,431,12.56,5,5142.69,Sea,25,Net60,3,1,0
EXP1547,2025-07-20,C098,Singapore,Cashew,757,11.19,5,8047.29,Sea,17,LC,4,0,0
EXP1548,2025-07-21,C150,USA,Textiles,470,11.95,0,5616.5,Air,,Advance,3,0,0
EXP1549,2025-07-21,C160,UAE,Tea,436,10.82,0,4717.52,Sea,13,LC,3,1,0
EXP1550,2025-07-22,C149,UK,Textiles,202,14.07,0,2842.14,Sea,25,Net30,4,0,0
EXP1551,2025-07-22,C087,UK,Cashew,214,10.84,5,2203.77,Sea,29,Net60,5,0,0
EXP1552,2025-07-22,C292,UK,Tea,161,10.72,0,1725.92,Sea,27,LC,4,0,0
EXP1553,2025-07-22,C287,USA,Textiles,571,13.97,5,7578.03,Sea,29,Net30,3,1,0
EXP1554,2025-07-23,C115,USA,Coir Products,1541,6.29,15,8238.96,Sea,33,Advance,4,0,0
EXP1555,2025-07-23,C242,UK,Coir Products,439,5.46,5,2277.09,Sea,25,Advance,3,0,0
EXP1556,2025-07-24,C120,USA,Spices,236,15.04,5,3371.97,Sea,30,Net30,4,0,0
EXP1557,2025-07-24,C239,Netherlands,Textiles,305,12.97,0,3955.85,Sea,26,LC,5,0,0
EXP1558,2025-07-24,C176,UAE,Seafood,154,20.2,0,3110.8,Air,3,Advance,4,0,0
EXP1559,2025-07-25,C142,USA,Spices,289,19.37,0,5597.93,Sea,32,Net30,5,0,0
EXP1560,2025-07-25,C039,USA,Tea,1217,9.3,5,10752.2,Sea,30,LC,5,0,0
EXP1561,2025-07-26,C197,Germany,Spices,562,15.89,5,8483.67,Air,8,LC,4,0,0
EXP1562,2025-07-26,C097,UK,Spices,654,19.97,10,11754.34,Air,7,Advance,3,0,0
EXP1563,2025-07-26,C066,Germany,Rubber Goods,1059,6.7,10,6385.77,Air,7,Advance,3,0,0
EXP1564,2025-07-27,C058,Netherlands,Coir Products,625,4.87,5,2891.56,Sea,27,Net30,5,0,0
EXP1565,2025-07-27,C295,USA,Tea,358,8.4,0,3007.2,Sea,29,Net60,4,0,0
EXP1566,2025-07-27,C031,Saudi Arabia,Tea,275,11.11,0,3055.25,Sea,14,Advance,3,0,0
EXP1567,2025-07-27,C240,UAE,Rubber Goods,87,9.82,5,811.62,Sea,20,Net30,5,0,0
EXP1568,2025-07-27,C260,USA,Tea,387,8.51,0,3293.37,Sea,33,Net30,2,1,0
EXP1569,2025-07-29,C010,UK,Cashew,776,10.11,0,7845.36,Sea,18,Net30,4,0,0
EXP1570,2025-07-30,C177,UAE,Tea,964,7.23,0,6969.72,Sea,20,Net30,4,0,0
EXP1571,2025-07-30,C174,Germany,Spices,880,18.17,0,15989.6,Sea,25,LC,5,1,0
EXP1572,2025-07-30,C108,Saudi Arabia,Textiles,604,14.27,10,7757.17,Air,5,Net30,5,0,0
EXP1573,2025-07-30,C201,Saudi Arabia,Spices,117,19.71,0,2306.07,Sea,20,LC,4,0,0
EXP1574,2025-07-30,C123,UK,Textiles,738,15.53,5,10888.08,Sea,29,Advance,3,1,1
EXP1575,2025-07-30,C132,Germany,Tea,1224,8.79,5,10221.01,Air,6,LC,5,0,0
EXP1576,2025-07-31,C130,USA,Cashew,833,11.73,0,9771.09,Sea,31,LC,5,0,0
EXP1577,2025-07-31,C241,UAE,Cashew,266,10.08,0,2681.28,Sea,12,LC,4,0,0
EXP1578,2025-08-01,C190,UAE,Cashew,167,11.71,5,1857.79,Sea,10,Net60,4,0,1
EXP1579,2025-08-01,C114,Germany,Spices,123,16.9,0,2078.7,Air,7,LC,4,0,0
EXP1580,2025-08-02,C279,Netherlands,Cashew,229,11.61,5,2525.76,Air,5,LC,5,0,0
EXP1581,2025-08-03,C241,UAE,Rubber Goods,441,8.36,10,3318.08,Sea,14,Net60,5,0,0
EXP1582,2025-08-03,C280,Germany,Tea,373,9.07,5,3213.95,Sea,25,Advance,3,0,0
EXP1583,2025-08-04,C220,Saudi Arabia,Tea,662,9.86,5,6200.95,Sea,15,Advance,3,1,0
EXP1584,2025-08-04,C118,Singapore,Cashew,292,8.93,5,2477.18,Sea,16,Net30,3,0,0
EXP1585,2025-08-04,C232,Germany,Spices,279,15.7,5,4161.28,Air,5,Net60,4,0,0
EXP1586,2025-08-04,C099,Germany,Textiles,184,,0,2493.2,Sea,27,Net30,3,0,0
EXP1587,2025-08-05,C082,Saudi Arabia,Cashew,220,9.09,5,1899.81,Air,6,LC,,0,0
EXP1588,2025-08-05,C136,Singapore,Spices,160,17.12,0,2739.2,Air,5,LC,,0,0
EXP1589,2025-08-05,C291,UAE,Textiles,162,13.37,5,2057.64,Sea,,Net30,4,0,0
EXP1590,2025-08-05,C171,Australia,Textiles,431,16.2,10,6283.98,Air,5,Net60,4,0,0
EXP1591,2025-08-05,C116,UAE,Tea,154,9.15,0,1409.1,Sea,13,Advance,5,0,0
EXP1592,2025-08-05,C139,Singapore,Seafood,171,17.98,0,3074.58,Air,2,Net60,5,0,0
EXP1593,2025-08-06,C088,UAE,Spices,292,18.65,0,5445.8,Air,4,Net30,4,0,0
EXP1594,2025-08-07,C198,UAE,Tea,980,8.42,10,7426.44,Sea,,Advance,4,0,0
EXP1595,2025-08-07,C106,UAE,Seafood,129,16.26,0,2097.54,Air,6,Advance,4,0,0
EXP1596,2025-08-07,C167,UK,Spices,287,19.58,0,5619.46,Sea,23,Advance,5,0,0
EXP1597,2025-08-07,C111,USA,Seafood,150,18.29,5,2606.32,Air,7,Net60,4,0,0
EXP1598,2025-08-07,C097,UAE,Spices,88,17.71,0,1558.48,Air,3,LC,4,0,0
EXP1599,2025-08-07,C292,UK,Coir Products,1578,4.81,5,7210.67,Sea,26,Net30,3,1,0
EXP1600,2025-08-08,C104,UK,Spices,300,14.29,0,4287.0,Sea,25,Advance,5,0,0
EXP1601,2025-08-08,C022,Saudi Arabia,Textiles,716,13.45,10,8667.18,Sea,18,Net30,4,0,0
EXP1602,2025-08-09,C114,Australia,Cashew,861,7.91,0,6810.51,Sea,28,LC,4,0,0
EXP1603,2025-08-09,C160,Germany,Seafood,171,19.45,0,3325.95,Air,6,Net60,5,0,0
EXP1604,2025-08-09,C029,UAE,Rubber Goods,265,8.57,0,2271.05,Air,3,LC,5,0,0
EXP1605,2025-08-09,C092,USA,Textiles,307,12.93,5,3771.03,Sea,33,Net30,4,1,0
EXP1606,2025-08-09,C050,Australia,Cashew,141,9.54,0,1345.14,Sea,32,Net30,3,1,0
EXP1607,2025-08-09,C151,UAE,Coir Products,1338,6.74,10,8116.31,Sea,17,LC,2,1,0
EXP1608,2025-08-09,C217,UK,Seafood,625,13.86,0,8662.5,Air,6,Net60,3,0,0
EXP1609,2025-08-10,C291,Netherlands,Textiles,580,12.29,10,6415.38,Sea,25,LC,5,0,0
EXP1610,2025-08-11,C117,Netherlands,Seafood,336,14.53,5,4637.98,Air,6,Net60,4,0,0
EXP1611,2025-08-11,C259,UK,Tea,774,9.12,10,6352.99,Air,4,Advance,3,0,0
EXP1612,2025-08-11,C065,Saudi Arabia,Coir Products,1786,6.45,5,10943.72,Sea,,Net30,5,0,0
EXP1613,2025-08-12,C235,UK,Cashew,977,12.57,5,11666.85,Sea,23,Net60,4,0,0
EXP1614,2025-08-12,C169,Saudi Arabia,Spices,67,20.26,0,1357.42,Air,5,Net60,4,0,0
EXP1615,2025-08-12,C228,UAE,Spices,183,18.0,0,3294.0,Sea,15,LC,,1,0
EXP1616,2025-08-13,C227,UAE,Rubber Goods,632,8.98,10,5107.82,Sea,14,LC,5,0,0
EXP1617,2025-08-13,C160,Germany,Coir Products,451,5.52,0,2489.52,Air,5,Net30,5,0,0
EXP1618,2025-08-14,C078,USA,Spices,227,14.07,0,3193.89,Sea,32,LC,4,0,0
EXP1619,2025-08-15,C158,Saudi Arabia,Tea,574,8.28,5,4515.08,Sea,15,Net60,4,0,0
EXP1620,2025-08-15,C249,USA,Tea,77,8.13,0,626.01,Sea,27,LC,5,0,0
EXP1621,2025-08-15,C292,Australia,Textiles,678,12.94,10,7895.99,Air,7,Advance,3,0,0
EXP1622,2025-08-16,C279,Singapore,Rubber Goods,1065,7.08,5,7163.19,Air,5,Net30,4,0,0
EXP1623,2025-08-17,C055,UK,Rubber Goods,640,7.56,0,4838.4,Air,5,LC,5,0,0
EXP1624,2025-08-17,C180,Saudi Arabia,Textiles,81,15.04,0,1218.24,Air,7,LC,3,0,0
EXP1625,2025-08-17,C032,USA,Textiles,431,16.88,5,6911.52,Sea,27,,2,1,0
EXP1626,2025-08-17,C201,UK,Tea,542,7.14,10,3482.89,Sea,31,Net60,,1,0
EXP1627,2025-08-18,C298,UAE,Seafood,395,13.53,5,5077.13,Air,4,Net30,5,0,1
EXP1628,2025-08-18,C016,Australia,Spices,436,16.29,0,7102.44,Air,6,Net60,5,0,0
EXP1629,2025-08-18,C197,Singapore,Spices,252,19.65,5,4704.21,Air,6,LC,,0,0
EXP1630,2025-08-18,C284,Australia,Rubber Goods,410,7.8,5,3038.1,Sea,32,LC,4,0,0
EXP1631,2025-08-19,C255,Australia,Seafood,216,14.61,0,3155.76,Air,7,Advance,4,0,0
EXP1632,2025-08-19,C118,Netherlands,Tea,125,9.77,5,1160.19,Sea,27,LC,3,1,0
EXP1633,2025-08-19,C032,USA,Textiles,373,15.61,5,5531.4,Sea,31,Advance,5,0,0
EXP1634,2025-08-19,C278,Australia,Coir Products,1399,5.99,15,7123.01,Sea,28,Advance,3,1,0
EXP1635,2025-08-20,C277,Germany,Tea,432,8.12,0,3507.84,Air,7,LC,4,0,0
EXP1636,2025-08-20,C174,UK,Tea,556,9.29,0,5165.24,Sea,,Net30,5,0,0
EXP1637,2025-08-20,C294,Germany,Spices,103,17.5,0,1802.5,Sea,23,LC,3,0,0
EXP1638,2025-08-20,C002,USA,Textiles,946,13.6,5,12222.32,Air,4,LC,4,0,0
EXP1639,2025-08-20,C185,USA,Coir Products,652,5.63,0,3670.76,Sea,36,LC,2,1,0
EXP1640,2025-08-21,C012,USA,Coir Products,872,6.67,5,5525.43,Sea,29,LC,2,1,0
EXP1641,2025-08-21,C281,UAE,Spices,369,18.54,5,6499.2,Sea,13,Net30,4,1,0
EXP1642,2025-08-21,C205,UK,Rubber Goods,1080,8.99,10,8738.28,Sea,25,Net30,2,1,0
EXP1643,2025-08-21,C275,Australia,Textiles,596,16.25,5,9200.75,Sea,29,Net30,2,1,0
EXP1644,2025-08-21,C169,Germany,Seafood,206,16.88,5,3303.42,Air,8,Advance,5,0,0
EXP1645,2025-08-21,C025,UK,Spices,120,16.91,0,2029.2,Air,8,LC,4,0,0
EXP1646,2025-08-22,C008,UK,Textiles,192,15.75,0,3024.0,Sea,33,Net30,3,1,0
EXP1647,2025-08-22,C101,UK,Seafood,245,16.89,5,3931.15,Air,6,Net60,5,0,0
EXP1648,2025-08-23,C224,UAE,Tea,547,11.81,0,6460.07,Air,2,LC,5,0,0
EXP1649,2025-08-23,C046,Singapore,Spices,360,18.67,5,6385.14,Sea,16,LC,3,1,0
EXP1650,2025-08-23,C256,UAE,Tea,260,9.75,5,2408.25,Air,5,Net30,4,0,0
EXP1651,2025-08-23,C072,Saudi Arabia,Tea,313,9.31,0,2914.03,Air,5,Net60,5,0,0
EXP1652,2025-08-24,C149,Saudi Arabia,Coir Products,777,5.93,0,4607.61,Air,,LC,5,0,0
EXP1653,2025-08-24,C061,Germany,Tea,338,8.72,0,2947.36,Sea,27,Advance,4,0,0
EXP1654,2025-08-24,C140,Australia,Tea,1535,9.32,10,12875.58,Sea,28,Net30,4,0,0
EXP1655,2025-08-26,C136,USA,Textiles,371,14.88,0,5520.48,Sea,31,Net30,4,0,0
EXP1656,2025-08-26,C002,Australia,Spices,341,20.49,5,6637.74,Air,7,Advance,4,0,0
EXP1657,2025-08-26,C171,Saudi Arabia,Tea,715,9.33,0,6670.95,Air,5,LC,4,0,0
EXP1658,2025-08-28,C236,Singapore,Textiles,888,13.22,0,11739.36,Sea,19,Net30,5,0,0
EXP1659,2025-08-28,C281,Saudi Arabia,Spices,201,17.29,5,3301.53,Sea,21,Net30,3,1,0
EXP1660,2025-08-28,C100,Singapore,Tea,617,7.57,10,4203.62,Sea,13,Net30,3,0,0
EXP1661,2025-08-28,C265,Netherlands,Spices,344,21.59,5,7055.61,Sea,24,Advance,2,1,0
EXP1662,2025-08-29,C264,UK,Spices,379,16.83,0,6378.57,Air,7,Advance,4,0,0
EXP1663,2025-08-30,C297,Singapore,Coir Products,771,6.7,5,4907.42,Air,4,Net30,4,0,0
EXP1664,2025-08-30,C112,Saudi Arabia,Spices,431,18.6,0,8016.6,Sea,16,Advance,5,0,0
EXP1665,2025-08-30,C256,UK,Tea,516,9.33,10,4332.85,Air,6,LC,5,0,0
EXP1666,2025-08-31,C170,Australia,Rubber Goods,256,7.89,0,2019.84,Sea,28,LC,1,1,0
EXP1667,2025-08-31,C018,USA,Seafood,253,14.49,0,3665.97,Air,9,LC,,0,0
EXP1668,2025-09-01,C082,Germany,Spices,325,15.91,0,5170.75,Sea,25,Net30,4,0,0
EXP1669,2025-09-01,C202,UAE,Tea,690,10.87,10,6750.27,Sea,16,Advance,3,1,0
EXP1670,2025-09-01,C049,USA,Coir Products,786,6.08,5,4539.94,Air,8,Net30,5,0,0
EXP1671,2025-09-01,C131,Singapore,Seafood,565,18.16,10,9234.36,Air,7,Net30,4,0,0
EXP1672,2025-09-01,C233,USA,Cashew,338,12.83,5,4119.71,Sea,,LC,3,1,0
EXP1673,2025-09-01,C045,USA,Spices,194,,5,3153.37,Sea,30,Net60,4,0,1
EXP1674,2025-09-01,C149,USA,Spices,563,18.91,5,10114.01,Sea,26,Advance,5,0,0
EXP1675,2025-09-02,C065,UK,Coir Products,665,6.03,5,3809.45,Sea,23,Net30,5,0,0
EXP1676,2025-09-02,C161,Singapore,Seafood,232,13.78,0,3196.96,Air,3,Advance,4,0,0
EXP1677,2025-09-04,C073,Australia,Seafood,271,15.64,5,4026.52,Air,7,Net60,4,0,0
EXP1678,2025-09-04,C290,UAE,Spices,310,19.27,5,5675.02,Sea,18,Advance,5,1,0
EXP1679,2025-09-05,C024,Germany,Textiles,755,13.16,0,9935.8,Air,7,Net30,4,0,0
EXP1680,2025-09-05,C290,UK,Spices,400,17.3,5,6574.0,Sea,26,Advance,3,1,0
EXP1681,2025-09-05,C238,Germany,Textiles,367,13.71,0,5031.57,Sea,25,LC,4,0,0
EXP1682,2025-09-05,C257,UK,Seafood,105,20.05,0,2105.25,Air,6,Advance,4,0,0
EXP1683,2025-09-05,C256,USA,Coir Products,367,4.68,0,1717.56,Sea,32,Advance,3,1,0
EXP1684,2025-09-06,C057,UK,Spices,528,19.08,5,9570.53,Sea,24,Advance,3,0,0
EXP1685,2025-09-07,C280,Germany,Textiles,474,13.57,0,6432.18,Sea,28,,2,1,0
EXP1686,2025-09-07,C179,UK,Coir Products,1138,5.54,5,5989.29,Sea,22,Net30,4,0,0
EXP1687,2025-09-07,C289,UK,Cashew,541,10.63,0,5750.83,Sea,18,LC,4,0,0
EXP1688,2025-09-08,C264,Singapore,Tea,464,9.72,10,4059.07,Sea,,Advance,3,0,0
EXP1689,2025-09-08,C174,Saudi Arabia,Seafood,128,17.39,5,2114.62,Air,5,Net60,4,0,0
EXP1690,2025-09-08,C113,USA,Tea,686,9.2,5,5995.64,Sea,30,Net30,4,1,0
EXP1691,2025-09-08,C036,Singapore,Spices,273,20.36,0,5558.28,Sea,18,LC,3,1,0
EXP1692,2025-09-08,C031,Singapore,Tea,202,10.37,5,1990.0,Sea,15,LC,3,0,0
EXP1693,2025-09-08,C117,UAE,Spices,204,19.76,5,3829.49,Sea,10,LC,3,0,0
EXP1694,2025-09-09,C244,Germany,Tea,151,8.41,0,1269.91,Sea,30,Net30,4,0,0
EXP1695,2025-09-10,C152,USA,Textiles,420,14.83,5,5917.17,Air,8,Net60,3,0,0
EXP1696,2025-09-10,C145,Saudi Arabia,Spices,287,19.08,0,5475.96,Sea,16,Net30,4,0,0
EXP1697,2025-09-11,C074,USA,Spices,256,16.24,5,3949.57,Sea,28,Net60,4,1,0
EXP1698,2025-09-11,C170,Saudi Arabia,Spices,237,14.61,0,3462.57,Air,4,Net30,4,0,0
EXP1699,2025-09-11,C192,USA,Spices,285,13.63,0,3884.55,Sea,33,Net60,4,0,0
EXP1700,2025-09-11,C295,UK,Seafood,304,16.13,0,4903.52,Air,6,Net30,4,0,0
EXP1701,2025-09-12,C219,Netherlands,Rubber Goods,1041,8.29,15,7335.41,Sea,29,Net30,2,1,0
EXP1702,2025-09-12,C183,USA,Spices,480,15.45,10,6674.4,Sea,30,Net30,4,0,0
EXP1703,2025-09-14,C274,Australia,Cashew,227,12.38,0,2810.26,Air,6,Net30,4,0,0
EXP1704,2025-09-14,C128,Netherlands,Cashew,676,11.2,10,6814.08,Sea,25,Advance,4,0,0
EXP1705,2025-09-16,C281,Australia,Rubber Goods,638,9.3,0,5933.4,Air,8,Advance,3,0,0
EXP1706,2025-09-17,C111,UAE,Tea,370,9.4,0,3478.0,Sea,12,Advance,4,0,0
EXP1707,2025-09-19,C039,Singapore,Tea,234,7.85,5,1745.05,Sea,20,,4,1,0
EXP1708,2025-09-19,C126,UAE,Coir Products,101,6.33,5,607.36,Sea,15,Net60,5,0,0
EXP1709,2025-09-20,C039,USA,Seafood,291,17.29,0,5031.39,Air,8,Net30,5,0,0
EXP1710,2025-09-20,C036,Australia,Cashew,456,10.28,0,4687.68,Sea,29,Advance,4,0,0
EXP1711,2025-09-21,C265,Saudi Arabia,Coir Products,514,4.96,0,2549.44,Sea,19,LC,,0,0
EXP1712,2025-09-21,C239,UK,Tea,327,9.11,5,2830.02,Sea,18,Advance,2,1,0
EXP1713,2025-09-21,C067,USA,Cashew,333,9.68,0,3223.44,Sea,27,Net30,5,0,0
EXP1714,2025-09-21,C252,Singapore,Seafood,183,18.15,0,3321.45,Air,4,Net60,5,0,0
EXP1715,2025-09-22,C021,Saudi Arabia,Tea,275,8.56,5,2236.3,Sea,13,Advance,3,1,0
EXP1716,2025-09-22,C086,UK,Textiles,260,16.9,5,4174.3,Sea,25,LC,5,0,0
EXP1717,2025-09-23,C212,Australia,Coir Products,1360,4.47,10,5471.28,Air,8,Net60,4,0,0
EXP1718,2025-09-23,C092,USA,Coir Products,543,6.1,0,3312.3,Sea,30,Net30,3,1,0
EXP1719,2025-09-23,C220,UAE,Coir Products,910,,0,6397.3,Air,6,Net60,4,0,0
EXP1720,2025-09-24,C263,Germany,Cashew,507,9.82,5,4729.8,Air,6,LC,4,0,0
EXP1721,2025-09-24,C020,Netherlands,Rubber Goods,819,7.85,0,6429.15,Sea,20,Advance,4,0,0
EXP1722,2025-09-25,C008,USA,Coir Products,1045,5.71,15,5071.91,Sea,33,Net30,3,1,0
EXP1723,2025-09-25,C283,USA,Tea,581,8.26,0,4799.06,Sea,35,Advance,3,1,0
EXP1724,2025-09-25,C157,UAE,Tea,302,9.26,5,2656.69,Sea,24,Net30,4,0,0
EXP1725,2025-09-25,C152,Australia,Spices,227,15.2,0,3450.4,Sea,29,Net30,4,0,0
EXP1726,2025-09-26,C140,USA,Tea,837,8.88,0,7432.56,Sea,26,LC,4,0,0
EXP1727,2025-09-26,C131,UK,Spices,200,19.11,5,3630.9,Air,6,LC,3,0,0
EXP1728,2025-09-27,C208,Netherlands,Coir Products,729,5.85,10,3838.18,Sea,31,Net30,2,1,0
EXP1729,2025-09-28,C174,UAE,Spices,365,15.84,0,5781.6,Sea,15,Net60,4,0,0
EXP1730,2025-09-28,C050,Germany,Tea,1009,10.11,15,8670.84,Sea,29,LC,3,0,0
EXP1731,2025-09-28,C188,UK,Cashew,637,11.96,0,7618.52,Air,8,Net30,4,0,0
EXP1732,2025-09-28,C201,Singapore,Tea,250,7.88,0,1970.0,Sea,19,Advance,4,0,0
EXP1733,2025-09-28,C035,USA,Textiles,670,11.83,5,7529.8,Air,10,Net60,4,0,0
EXP1734,2025-09-28,C114,UK,Seafood,261,14.17,0,3698.37,Air,7,Net30,,0,0
EXP1735,2025-09-29,C238,UAE,Textiles,457,14.92,0,6818.44,Sea,16,Advance,4,1,0
EXP1736,2025-09-29,C186,Saudi Arabia,Spices,278,18.6,0,5170.8,Sea,16,Net30,3,0,0
EXP1737,2025-09-29,C041,Singapore,Tea,300,9.85,0,2955.0,Sea,14,Net30,5,0,0
EXP1738,2025-09-30,C013,UAE,Textiles,495,13.45,5,6324.86,Sea,15,Net30,4,0,0
EXP1739,2025-09-30,C175,USA,Coir Products,536,5.33,0,2856.88,Sea,31,LC,4,0,0
EXP1740,2025-09-30,C139,Australia,Spices,290,19.98,5,5504.49,Sea,28,Net30,5,0,0
EXP1741,2025-10-01,C289,UAE,Coir Products,596,5.6,0,3337.6,Air,4,Net30,4,0,0
EXP1742,2025-10-01,C157,USA,Textiles,1261,14.31,15,15338.17,Sea,32,LC,2,1,0
EXP1743,2025-10-02,C280,Germany,Tea,494,7.33,0,3621.02,Air,8,Advance,5,0,0
EXP1744,2025-10-02,C065,USA,Textiles,528,13.04,0,6885.12,Sea,34,Net60,3,0,0
EXP1745,2025-10-03,C135,USA,Spices,239,20.18,5,4581.87,Sea,27,Net30,4,0,0
EXP1746,2025-10-03,C042,UK,Tea,373,8.23,5,2916.3,Sea,30,LC,4,0,0
EXP1747,2025-10-04,C173,UAE,Cashew,162,12.08,0,1956.96,Sea,19,Net60,5,0,0
EXP1748,2025-10-05,C057,UK,Tea,710,,0,4600.8,Air,6,Advance,4,0,0
EXP1749,2025-10-05,C148,Saudi Arabia,Textiles,1127,13.06,15,12510.83,Sea,16,Net30,5,1,0
EXP1750,2025-10-05,C104,Germany,Coir Products,531,5.88,10,2810.05,Sea,27,LC,3,1,0
EXP1751,2025-10-06,C056,UAE,Tea,835,10.88,10,8176.32,Sea,18,Advance,3,0,0
EXP1752,2025-10-06,C030,Singapore,Seafood,763,13.76,5,9973.94,Air,5,Net60,3,0,0
EXP1753,2025-10-07,C154,UAE,Tea,1226,9.72,10,10725.05,Sea,12,Net30,4,0,0
EXP1754,2025-10-07,C285,Saudi Arabia,Tea,916,10.14,5,8823.83,Sea,18,Advance,3,0,0
EXP1755,2025-10-08,C060,USA,Seafood,110,14.61,0,1607.1,Air,10,Net60,5,0,0
EXP1756,2025-10-08,C122,Singapore,Cashew,174,10.51,0,1828.74,Sea,17,Net60,4,0,0
EXP1757,2025-10-08,C068,UAE,Textiles,782,14.24,0,11135.68,Sea,20,Net30,2,1,0
EXP1758,2025-10-08,C243,UAE,Spices,275,14.8,0,4070.0,Air,4,Advance,4,0,0
EXP1759,2025-10-08,C125,UK,Spices,63,17.02,0,1072.26,Sea,19,Advance,5,0,0
EXP1760,2025-10-09,C293,UAE,Textiles,427,16.14,5,6547.19,Air,3,Net30,3,0,0
EXP1761,2025-10-10,C074,USA,Spices,381,19.13,5,6924.1,Sea,34,Net60,5,0,0
EXP1762,2025-10-10,C025,Saudi Arabia,Tea,416,8.83,0,3673.28,Sea,18,Advance,5,0,0
EXP1763,2025-10-11,C175,Singapore,Cashew,368,11.15,0,4103.2,Sea,12,LC,4,0,0
EXP1764,2025-10-11,C196,UAE,Tea,218,9.63,0,2099.34,Sea,11,Advance,3,0,0
EXP1765,2025-10-13,C298,Australia,Spices,211,19.67,5,3942.85,Air,5,LC,5,0,0
EXP1766,2025-10-13,C262,Singapore,Spices,392,16.8,0,6585.6,Air,6,Net30,4,0,0
EXP1767,2025-10-14,C266,Australia,Coir Products,548,7.1,10,3501.72,Sea,28,Advance,2,1,0
EXP1768,2025-10-14,C191,Saudi Arabia,Textiles,1047,16.21,5,16123.28,Sea,,Net30,4,1,0
EXP1769,2025-10-15,C108,Saudi Arabia,Seafood,233,17.3,5,3829.36,Air,5,Net30,4,0,0
EXP1770,2025-10-15,C129,UK,Spices,349,16.18,0,5646.82,Sea,29,LC,2,1,0
EXP1771,2025-10-15,C041,Germany,Spices,387,15.8,0,6114.6,Sea,28,Net60,4,0,0
EXP1772,2025-10-15,C130,Australia,Coir Products,1009,5.76,5,5521.25,Air,7,Advance,4,0,0
EXP1773,2025-10-15,C110,UAE,Tea,246,9.07,0,2231.22,Sea,19,Advance,5,0,0
EXP1774,2025-10-16,C011,USA,Coir Products,439,4.73,0,2076.47,Sea,30,LC,4,0,0
EXP1775,2025-10-16,C062,UAE,Rubber Goods,146,8.47,5,1174.79,Sea,15,LC,4,0,0
EXP1776,2025-10-17,C161,Netherlands,Textiles,453,16.16,5,6954.46,Air,7,LC,4,0,0
EXP1777,2025-10-17,C111,UK,Coir Products,418,6.42,10,2415.2,Air,6,Net60,4,0,0
EXP1778,2025-10-18,C299,Saudi Arabia,Rubber Goods,471,7.35,10,3115.66,Sea,15,LC,4,0,0
EXP1779,2025-10-18,C144,Singapore,Spices,241,16.28,0,3923.48,Sea,23,LC,4,0,0
EXP1780,2025-10-20,C288,Netherlands,Rubber Goods,702,8.29,0,5819.58,Air,8,Net30,4,0,0
EXP1781,2025-10-20,C199,UAE,Coir Products,672,5.89,10,3562.27,Sea,17,Net60,4,0,0
EXP1782,2025-10-20,C013,Singapore,Coir Products,665,6.32,0,4202.8,Air,3,LC,5,0,0
EXP1783,2025-10-21,C062,Australia,Rubber Goods,779,8.58,0,6683.82,Air,5,Advance,4,0,0
EXP1784,2025-10-21,C212,UAE,Coir Products,717,6.79,5,4625.01,Air,5,LC,5,0,0
EXP1785,2025-10-22,C164,Saudi Arabia,Coir Products,1184,5.18,10,5519.81,Sea,16,Advance,5,0,0
EXP1786,2025-10-22,C091,USA,Tea,449,9.24,5,3941.32,Sea,29,LC,,1,0
EXP1787,2025-10-23,C157,Germany,Textiles,1214,13.39,15,13817.14,Air,8,Net30,5,0,0
EXP1788,2025-10-24,C271,UK,Textiles,287,13.83,0,3969.21,Sea,24,LC,2,1,0
EXP1789,2025-10-24,C117,USA,Spices,224,19.87,0,4450.88,Air,9,LC,4,0,0
EXP1790,2025-10-24,C014,UAE,Cashew,243,12.28,0,2984.04,Sea,13,Net30,5,0,0
EXP1791,2025-10-25,C094,UAE,Textiles,615,16.35,5,9552.49,Air,3,Advance,5,0,0
EXP1792,2025-10-25,C281,UAE,Tea,239,9.46,0,2260.94,Sea,18,Advance,4,0,0
EXP1793,2025-10-26,C229,Germany,Spices,103,17.76,0,1829.28,Sea,29,Net30,5,0,0
EXP1794,2025-10-26,C252,USA,Coir Products,431,5.82,10,2257.58,Sea,30,Advance,4,0,0
EXP1795,2025-10-26,C274,UAE,Spices,108,14.25,0,1539.0,Sea,16,Advance,5,0,0
EXP1796,2025-10-26,C036,Saudi Arabia,Spices,243,20.89,5,4822.46,Sea,16,Advance,4,0,0
EXP1797,2025-10-26,C085,Saudi Arabia,Coir Products,801,5.77,5,4390.68,Air,4,Net30,,0,0
EXP1798,2025-10-27,C018,UK,Spices,93,19.09,0,1775.37,Sea,21,Net30,4,0,0
EXP1799,2025-10-27,C002,Australia,Tea,360,9.73,0,3502.8,Air,8,LC,5,0,0
EXP1800,2025-10-27,C251,USA,Textiles,954,11.91,0,11362.14,Sea,28,LC,5,0,0
EXP1801,2025-10-27,C282,Singapore,Tea,922,8.0,10,6638.4,Sea,21,LC,4,0,0
EXP1802,2025-10-28,C047,UAE,Rubber Goods,955,9.49,0,9062.95,Air,6,Advance,4,0,0
EXP1803,2025-10-28,C217,Saudi Arabia,Seafood,37,16.56,5,582.08,Air,5,Net30,5,0,0
EXP1804,2025-10-28,C161,Netherlands,Textiles,570,13.02,5,7050.33,Air,6,Net60,5,0,0
EXP1805,2025-10-29,C021,Singapore,Rubber Goods,1185,7.88,10,8404.02,Air,7,LC,4,0,0
EXP1806,2025-10-29,C275,Germany,Seafood,169,18.09,5,2904.35,Air,5,LC,5,0,0
EXP1807,2025-10-29,C262,Germany,Tea,205,10.01,5,1949.45,Air,8,Net30,5,0,0
EXP1808,2025-10-30,C171,USA,Cashew,649,9.06,5,5585.94,Sea,30,Advance,5,0,0
EXP1809,2025-10-30,C213,Saudi Arabia,Spices,526,21.53,10,10192.3,Sea,17,LC,5,0,0
EXP1810,2025-10-30,C120,Saudi Arabia,Textiles,535,15.62,0,8356.7,Sea,18,Net60,3,1,0
EXP1811,2025-10-30,C238,Netherlands,Coir Products,330,5.89,5,1846.51,Air,6,Advance,5,0,0
EXP1812,2025-10-31,C134,UK,Spices,85,15.43,0,1311.55,Sea,26,Advance,4,0,0
EXP1813,2025-10-31,C297,UAE,Tea,543,10.14,0,5506.02,Sea,16,LC,3,1,0
EXP1814,2025-10-31,C019,Germany,Rubber Goods,427,8.46,10,3251.18,Air,8,Net30,5,0,0
EXP1815,2025-10-31,C052,UAE,Tea,430,7.43,10,2875.41,Sea,16,Net30,5,0,0
EXP1816,2025-11-01,C291,USA,Spices,242,17.5,5,4023.25,Air,6,Advance,3,1,0
EXP1817,2025-11-01,C087,USA,Spices,156,24.75,0,3861.0,Sea,32,Net30,4,0,0
EXP1818,2025-11-01,C094,Saudi Arabia,Coir Products,218,6.01,0,1310.18,Sea,18,Advance,3,1,0
EXP1819,2025-11-01,C238,UAE,Seafood,172,14.58,0,2507.76,Air,4,Net60,5,0,0
EXP1820,2025-11-01,C057,UAE,Cashew,388,9.67,5,3564.36,Sea,15,Advance,5,0,0
EXP1821,2025-11-02,C155,UAE,Coir Products,799,7.28,10,5235.05,Sea,10,Advance,4,0,0
EXP1822,2025-11-02,C086,Australia,Spices,176,19.83,0,3490.08,Air,8,Net30,4,0,0
EXP1823,2025-11-02,C060,Saudi Arabia,Spices,520,21.04,0,10940.8,Air,4,Advance,4,0,0
EXP1824,2025-11-02,C290,UAE,Coir Products,352,6.18,0,2175.36,Sea,14,Net30,5,0,0
EXP1825,2025-11-02,C060,UAE,Cashew,48,12.66,5,577.3,Sea,19,Advance,5,0,0
EXP1826,2025-11-02,C029,Germany,Cashew,608,9.88,5,5706.69,Sea,21,LC,5,0,0
EXP1827,2025-11-03,C203,USA,Coir Products,763,6.12,0,4669.56,Sea,27,Advance,2,1,0
EXP1828,2025-11-03,C261,Germany,Textiles,415,14.48,0,6009.2,Sea,28,LC,3,1,0
EXP1829,2025-11-03,C039,UK,Coir Products,933,7.0,5,6204.45,Sea,24,Advance,3,0,1
EXP1830,2025-11-06,C213,Australia,Textiles,467,14.54,5,6450.67,Air,5,LC,3,0,0
EXP1831,2025-11-06,C163,USA,Coir Products,274,5.55,0,1520.7,Air,8,Advance,4,0,0
EXP1832,2025-11-07,C250,Saudi Arabia,Textiles,251,14.11,5,3364.53,Air,4,Net30,5,0,0
EXP1833,2025-11-07,C039,UAE,Coir Products,599,4.79,10,2582.29,Sea,14,Net30,4,0,0
EXP1834,2025-11-07,C293,Netherlands,Rubber Goods,446,5.77,10,2316.08,Sea,22,Advance,5,0,0
EXP1835,2025-11-08,C186,Netherlands,Coir Products,1201,6.6,10,7133.94,Sea,30,Advance,4,0,0
EXP1836,2025-11-09,C253,Saudi Arabia,Spices,185,17.19,0,3180.15,Sea,22,Advance,4,0,0
EXP1837,2025-11-09,C109,UK,Tea,298,8.72,0,2598.56,Sea,21,Advance,4,0,0
EXP1838,2025-11-10,C284,UAE,Coir Products,439,6.6,0,2897.4,Air,5,LC,4,0,0
EXP1839,2025-11-11,C188,Singapore,Textiles,312,16.35,0,5101.2,Sea,17,LC,3,0,0
EXP1840,2025-11-11,C039,Saudi Arabia,Textiles,318,14.9,0,4738.2,Sea,18,Net60,3,0,0
EXP1841,2025-11-11,C277,USA,Cashew,151,13.55,0,2046.05,Sea,29,Net30,3,0,0
EXP1842,2025-11-11,C239,UK,Tea,488,9.54,0,4655.52,Air,8,Advance,,0,0
EXP1843,2025-11-11,C091,UK,Textiles,491,14.51,0,7124.41,Sea,24,Advance,2,1,0
EXP1844,2025-11-12,C164,Singapore,Cashew,319,11.32,5,3430.53,Air,6,Advance,4,0,0
EXP1845,2025-11-12,C117,Saudi Arabia,Coir Products,236,5.07,0,1196.52,Sea,24,Advance,3,1,0
EXP1846,2025-11-13,C164,Germany,Coir Products,888,6.69,5,5643.68,Sea,24,LC,2,1,0
EXP1847,2025-11-13,C290,Germany,Spices,352,12.72,0,4477.44,Air,6,Advance,4,0,0
EXP1848,2025-11-13,C270,USA,Coir Products,1577,5.58,5,8359.68,Sea,34,Advance,3,1,1
EXP1849,2025-11-13,C065,USA,Cashew,455,11.03,5,4767.72,Sea,32,Advance,5,0,0
EXP1850,2025-11-13,C292,UAE,Seafood,547,14.48,10,7128.5,Air,3,Net30,5,0,0
EXP1851,2025-11-13,C132,Singapore,Textiles,347,13.24,5,4364.57,Sea,18,Advance,4,0,0
EXP1852,2025-11-13,C212,UK,Tea,1014,10.99,15,9472.28,Sea,22,Net60,4,0,0
EXP1853,2025-11-14,C230,UK,Textiles,695,15.85,0,11015.75,Air,6,LC,4,0,0
EXP1854,2025-11-14,C145,USA,Cashew,431,10.09,10,3913.91,Air,6,LC,,0,0
EXP1855,2025-11-14,C137,UAE,Tea,393,8.49,5,3169.74,Sea,18,LC,4,0,0
EXP1856,2025-11-14,C137,Germany,Seafood,172,13.55,5,2214.07,Air,5,LC,4,0,0
EXP1857,2025-11-15,C259,USA,Spices,181,19.52,0,3533.12,Sea,34,LC,5,0,0
EXP1858,2025-11-15,C116,UAE,Spices,620,17.46,5,10283.94,Sea,15,LC,4,0,0
EXP1859,2025-11-16,C084,Saudi Arabia,Spices,231,13.75,0,3176.25,Sea,14,LC,4,0,0
EXP1860,2025-11-16,C109,USA,Spices,351,18.22,0,6395.22,Sea,31,LC,4,0,0
EXP1861,2025-11-17,C059,USA,Seafood,329,16.84,0,5540.36,Air,7,Advance,4,0,0
EXP1862,2025-11-17,C118,UK,Coir Products,1044,6.69,5,6635.14,Sea,24,Net30,5,0,0
EXP1863,2025-11-17,C035,Singapore,Tea,490,8.92,5,4152.26,Sea,19,Net30,2,1,0
EXP1864,2025-11-17,C027,USA,Coir Products,1607,5.73,5,8747.7,Air,7,Net30,5,0,0
EXP1865,2025-11-18,C218,Saudi Arabia,Tea,559,11.15,0,6232.85,Sea,15,,4,0,0
EXP1866,2025-11-19,C024,Australia,Tea,298,9.01,5,2550.73,Sea,30,LC,2,1,0
EXP1867,2025-11-19,C171,Saudi Arabia,Spices,212,19.55,0,4144.6,Sea,17,Net60,4,0,0
EXP1868,2025-11-20,C234,UK,Textiles,184,13.09,5,2288.13,Sea,25,LC,4,0,0
EXP1869,2025-11-20,C218,Saudi Arabia,Spices,312,19.49,0,6080.88,Sea,19,LC,4,0,0
EXP1870,2025-11-20,C134,UK,Cashew,490,9.08,0,4449.2,Sea,25,Net30,3,1,0
EXP1871,2025-11-21,C059,UK,Spices,385,17.0,5,6217.75,Sea,26,Advance,3,1,0
EXP1872,2025-11-21,C280,UK,Cashew,463,9.41,5,4138.99,Sea,21,Advance,3,0,0
EXP1873,2025-11-21,C251,USA,Cashew,315,10.2,5,3052.35,Sea,27,LC,,0,0
EXP1874,2025-11-22,C184,UAE,Spices,263,20.7,0,5444.1,Sea,16,Advance,3,1,1
EXP1875,2025-11-22,C027,UK,Spices,263,16.68,0,4386.84,Sea,24,Advance,4,0,0
EXP1876,2025-11-22,C011,UAE,Rubber Goods,1053,8.69,5,8693.04,Sea,14,Net30,5,0,0
EXP1877,2025-11-22,C095,UK,Coir Products,182,7.09,0,1290.38,Air,4,LC,3,0,0
EXP1878,2025-11-23,C048,Germany,Textiles,397,13.95,0,5538.15,Sea,29,Advance,,0,1
EXP1879,2025-11-23,C259,Australia,Spices,137,20.15,0,2760.55,Sea,32,Advance,4,1,0
EXP1880,2025-11-23,C062,UAE,Tea,1228,9.57,5,11164.36,Sea,20,Net60,4,0,0
EXP1881,2025-11-24,C085,Germany,Coir Products,1336,6.08,15,6904.45,Sea,22,Net60,4,1,0
EXP1882,2025-11-24,C293,UK,Seafood,169,17.44,0,2947.36,Air,4,Net30,,0,0
EXP1883,2025-11-24,C246,UAE,Tea,176,10.99,0,1934.24,Air,7,Advance,5,0,0
EXP1884,2025-11-24,C066,USA,Cashew,168,10.16,0,1706.88,Sea,30,LC,4,0,0
EXP1885,2025-11-24,C116,UAE,Textiles,896,12.39,10,9991.3,Sea,15,LC,5,0,0
EXP1886,2025-11-25,C155,UAE,Spices,90,15.8,0,1422.0,Sea,14,Net30,4,0,0
EXP1887,2025-11-25,C200,USA,Tea,442,10.07,5,4228.39,Sea,29,LC,3,1,0
EXP1888,2025-11-25,C281,UK,Tea,680,10.22,10,6254.64,Air,7,Net30,5,0,0
EXP1889,2025-11-25,C262,UK,Coir Products,314,5.61,0,1761.54,Sea,20,LC,4,0,0
EXP1889,2025-11-25,C262,UK,Coir Products,314,5.61,0,1761.54,Sea,20,LC,4,0,0
EXP1890,2025-11-25,C294,UAE,Textiles,527,10.41,0,5486.07,Sea,23,Net60,5,0,0
EXP1891,2025-11-25,C013,UAE,Coir Products,548,5.51,0,3019.48,Air,6,LC,4,0,0
EXP1892,2025-11-25,C071,UAE,Tea,316,9.59,5,2878.92,Sea,19,LC,,0,0
EXP1893,2025-11-26,C169,Germany,Textiles,340,13.89,0,4722.6,Air,6,LC,2,0,0
EXP1894,2025-11-27,C015,USA,Textiles,853,14.3,5,11588.0,Sea,32,Net30,3,1,0
EXP1895,2025-11-27,C107,Germany,Coir Products,1492,5.62,10,7546.54,Sea,26,Net60,5,0,0
EXP1896,2025-11-28,C047,USA,Textiles,450,15.7,10,6358.5,Sea,33,LC,5,0,0
EXP1897,2025-11-28,C280,UAE,Tea,540,9.37,5,4806.81,Sea,15,Net60,5,0,0
EXP1898,2025-11-28,C019,Netherlands,Textiles,534,14.99,0,8004.66,Sea,31,LC,4,0,0
EXP1899,2025-11-28,C045,UAE,Tea,125,9.17,0,1146.25,Sea,12,LC,5,0,0
EXP1900,2025-11-28,C059,UAE,Tea,366,9.57,5,3327.49,Sea,19,LC,4,0,0
EXP1901,2025-11-29,C045,UAE,Spices,64,18.99,0,1215.36,Sea,16,Advance,4,0,0
EXP1902,2025-11-29,C171,Netherlands,Textiles,390,12.44,0,4851.6,Sea,23,Net30,5,0,0
EXP1903,2025-11-29,C110,Germany,Textiles,519,14.63,0,7592.97,Sea,32,Advance,4,1,1
EXP1904,2025-11-29,C274,Germany,Tea,650,9.85,5,6082.38,Sea,32,LC,3,1,0
EXP1905,2025-11-30,C079,Netherlands,Seafood,256,18.22,0,4664.32,Air,5,LC,4,0,0
EXP1906,2025-11-30,C162,UAE,Seafood,360,16.8,0,6048.0,Air,4,Net30,4,0,0
EXP1907,2025-12-01,C199,Netherlands,Spices,153,15.92,0,2435.76,Air,5,Net60,5,0,0
EXP1908,2025-12-01,C188,UAE,Textiles,1042,12.64,10,11853.79,Sea,17,Net30,5,0,0
EXP1909,2025-12-01,C239,Germany,Tea,933,8.53,0,7958.49,Sea,31,LC,2,1,0
EXP1910,2025-12-02,C061,UK,Rubber Goods,145,8.18,0,1186.1,Sea,28,LC,4,0,0
EXP1911,2025-12-02,C153,USA,Tea,144,8.87,0,1277.28,Sea,31,Advance,2,1,1
EXP1912,2025-12-02,C241,Australia,Tea,426,7.79,0,3318.54,Sea,35,Net60,4,0,0
EXP1913,2025-12-03,C259,UAE,Coir Products,497,5.19,10,2321.49,Sea,,Advance,1,1,0
EXP1914,2025-12-03,C186,Netherlands,Tea,341,6.73,5,2180.18,Sea,25,Net60,5,0,0
EXP1915,2025-12-03,C196,USA,Textiles,612,8.76,0,5361.12,Sea,28,Net30,2,1,0
EXP1916,2025-12-04,C260,Germany,Coir Products,1180,5.91,15,5927.73,Sea,30,Net30,2,1,0
EXP1917,2025-12-04,C188,Netherlands,Tea,247,11.51,0,2842.97,Sea,24,Net30,3,0,0
EXP1918,2025-12-04,C285,UAE,Coir Products,1289,7.29,15,7987.29,Sea,15,LC,5,0,0
EXP1919,2025-12-04,C039,Australia,Seafood,140,14.12,0,1976.8,Air,7,LC,4,0,0
EXP1920,2025-12-04,C105,Germany,Cashew,1055,11.2,5,11225.2,Sea,27,LC,4,0,0
EXP1921,2025-12-05,C034,Saudi Arabia,Coir Products,1395,4.95,10,6214.72,Sea,16,Advance,3,1,0
EXP1922,2025-12-06,C028,UAE,Tea,299,7.58,5,2153.1,Sea,12,Net30,5,0,0
EXP1923,2025-12-06,C142,UK,Spices,107,15.41,5,1566.43,Sea,27,LC,3,1,0
EXP1924,2025-12-07,C068,Saudi Arabia,Seafood,147,15.57,5,2174.35,Air,5,Net60,3,0,0
EXP1925,2025-12-07,C123,UK,Cashew,215,10.76,5,2197.73,Sea,30,,2,1,0
EXP1926,2025-12-07,C132,UAE,Textiles,726,14.42,10,9422.03,Sea,17,Advance,3,0,0
EXP1927,2025-12-07,C187,USA,Seafood,52,17.27,0,898.04,Air,8,Advance,4,0,0
EXP1928,2025-12-08,C284,Singapore,Spices,87,17.27,5,1427.37,Sea,20,LC,4,1,0
EXP1929,2025-12-08,C255,UAE,Textiles,715,14.06,10,9047.61,Sea,20,Advance,5,0,0
EXP1930,2025-12-08,C114,Saudi Arabia,Spices,157,15.64,0,2455.48,Sea,19,Net30,3,0,0
EXP1931,2025-12-08,C098,Netherlands,Spices,197,15.1,5,2825.96,Sea,27,Net30,3,1,0
EXP1932,2025-12-09,C232,UAE,Coir Products,1085,4.92,10,4804.38,Sea,19,Net30,4,0,0
EXP1933,2025-12-09,C038,UAE,Tea,755,9.7,0,7323.5,Air,6,LC,5,0,0
EXP1934,2025-12-09,C163,Saudi Arabia,Rubber Goods,1188,7.68,15,7755.26,Air,6,Net30,5,0,0
EXP1935,2025-12-09,C127,UAE,Tea,647,6.98,10,4064.45,Sea,18,Net30,4,1,0
EXP1936,2025-12-09,C055,Germany,Cashew,308,10.92,0,3363.36,Sea,26,Net60,3,1,0
EXP1937,2025-12-09,C185,Saudi Arabia,Cashew,293,9.35,5,2602.57,Sea,19,Net30,4,0,0
EXP1938,2025-12-10,C097,Germany,Textiles,410,16.79,10,6195.51,Sea,26,Net30,4,0,0
EXP1939,2025-12-10,C056,USA,Rubber Goods,276,7.44,0,2053.44,Sea,24,Advance,4,0,0
EXP1940,2025-12-11,C196,Saudi Arabia,Coir Products,385,6.49,0,2498.65,Sea,16,Net30,4,0,0
EXP1941,2025-12-12,C053,Germany,Tea,788,10.18,0,8021.84,Sea,29,LC,5,0,0
EXP1942,2025-12-12,C202,UAE,Spices,167,15.94,0,2661.98,Sea,14,LC,4,1,0
EXP1943,2025-12-13,C049,Germany,Tea,198,9.08,0,1797.84,Sea,29,LC,4,0,0
EXP1944,2025-12-13,C131,Australia,Seafood,412,17.06,10,6325.85,Air,8,LC,4,0,0
EXP1945,2025-12-14,C243,Saudi Arabia,Coir Products,788,6.08,10,4311.94,Sea,16,Advance,3,0,0
EXP1946,2025-12-14,C069,UK,Tea,85,9.39,0,798.15,Sea,27,Advance,4,0,0
EXP1947,2025-12-14,C231,USA,Spices,627,15.13,5,9012.18,Air,8,Net30,5,0,0
EXP1948,2025-12-14,C217,UAE,Coir Products,1577,6.4,10,9083.52,Sea,17,Net30,5,0,0
EXP1949,2025-12-14,C271,USA,Cashew,167,10.36,0,1730.12,Sea,,Net60,5,0,0
EXP1950,2025-12-15,C051,UAE,Tea,410,9.38,10,3461.22,Air,5,Net30,,0,0
EXP1951,2025-12-15,C215,Netherlands,Cashew,183,12.21,5,2122.71,Sea,21,LC,3,1,0
EXP1952,2025-12-15,C282,USA,Textiles,273,15.12,5,3921.37,Air,5,Net30,5,0,0
EXP1953,2025-12-15,C229,Singapore,Cashew,268,11.46,0,3071.28,Air,4,,3,0,0
EXP1954,2025-12-16,C057,UAE,Tea,615,9.69,10,5363.42,Air,5,LC,4,0,0
EXP1955,2025-12-16,C247,USA,Textiles,741,15.16,0,11233.56,Air,8,Net60,5,0,0
EXP1956,2025-12-16,C033,UK,Spices,345,21.23,5,6958.13,Sea,27,Net60,2,1,0
EXP1957,2025-12-17,C177,USA,Tea,385,8.96,5,3277.12,Sea,31,Advance,,1,0
EXP1958,2025-12-17,C150,Singapore,Cashew,508,11.22,0,5699.76,Air,4,Net30,5,0,0
EXP1959,2025-12-18,C160,Netherlands,Textiles,235,15.57,0,3658.95,Air,5,Advance,4,0,0
EXP1960,2025-12-18,C156,Australia,Spices,298,16.94,5,4795.71,Sea,28,Net60,5,0,0
EXP1961,2025-12-18,C010,UAE,Seafood,220,13.44,0,2956.8,Air,5,Net30,5,0,0
EXP1962,2025-12-19,C153,Saudi Arabia,Spices,223,19.07,0,4252.61,Sea,16,Advance,5,0,0
EXP1963,2025-12-19,C282,UAE,Textiles,609,13.65,0,8312.85,Air,5,Net30,5,0,0
EXP1964,2025-12-19,C132,Australia,Rubber Goods,137,6.84,0,937.08,Sea,31,LC,4,0,0
EXP1965,2025-12-22,C084,UK,Coir Products,371,6.36,0,2359.56,Sea,26,Advance,4,0,0
EXP1966,2025-12-22,C299,USA,Cashew,470,12.89,10,5452.47,Sea,29,Net30,5,0,0
EXP1967,2025-12-23,C030,UAE,Textiles,520,11.26,5,5562.44,Sea,13,Net30,5,0,0
EXP1968,2025-12-23,C146,UAE,Cashew,124,12.35,5,1454.83,Air,4,LC,3,0,1
EXP1969,2025-12-24,C154,USA,Textiles,514,9.74,0,5006.36,Sea,33,Net30,3,1,0
EXP1970,2025-12-24,C144,Australia,Textiles,375,13.33,5,4748.81,Sea,29,Advance,4,0,0
EXP1971,2025-12-24,C277,Singapore,Tea,799,10.99,0,8781.01,Sea,13,LC,4,0,0
EXP1971,2025-12-24,C277,Singapore,Tea,799,10.99,0,8781.01,Sea,13,LC,4,0,0
EXP1972,2025-12-24,C127,Netherlands,Cashew,164,10.57,5,1646.81,Air,5,Net30,5,0,0
EXP1973,2025-12-25,C292,UAE,Tea,210,9.1,0,1911.0,Sea,10,Advance,5,0,0
EXP1974,2025-12-25,C021,Germany,Rubber Goods,763,8.73,10,5994.89,Sea,,LC,3,1,0
EXP1975,2025-12-25,C221,USA,Tea,394,7.15,0,2817.1,Sea,28,Net60,5,0,0
EXP1976,2025-12-26,C178,Germany,Tea,383,9.08,0,3477.64,Air,8,Net30,5,0,0
EXP1977,2025-12-26,C073,USA,Seafood,662,16.12,0,10671.44,Air,8,Net30,3,1,0
EXP1978,2025-12-26,C069,USA,Tea,627,11.01,0,6903.27,Sea,32,Net30,2,1,0
EXP1979,2025-12-27,C216,Germany,Tea,354,7.67,0,2715.18,Sea,27,Net60,4,1,0
EXP1980,2025-12-27,C192,UAE,Cashew,113,10.5,0,1186.5,Air,5,Net60,5,0,0
EXP1981,2025-12-27,C184,UK,Spices,205,15.99,0,3277.95,Sea,26,Advance,3,1,0
EXP1982,2025-12-27,C016,Germany,Spices,115,15.77,0,1813.55,Sea,24,LC,2,1,0
EXP1983,2025-12-28,C180,UAE,Coir Products,387,6.81,5,2503.7,Air,4,Advance,5,0,0
EXP1984,2025-12-28,C295,Australia,Tea,247,9.03,5,2118.89,Air,7,Advance,4,0,0
EXP1985,2025-12-28,C006,UK,Tea,764,8.4,10,5775.84,Sea,28,LC,3,0,0
EXP1986,2025-12-28,C141,Singapore,Spices,99,16.88,5,1587.56,Air,4,Net30,3,0,0
EXP1987,2025-12-28,C149,Germany,Tea,721,8.39,10,5444.27,Sea,27,Net30,,0,0
EXP1988,2025-12-29,C270,Saudi Arabia,Tea,559,8.49,5,4508.61,Sea,13,Net60,5,0,0
EXP1989,2025-12-30,C085,Saudi Arabia,Spices,333,15.27,5,4830.66,Sea,17,LC,3,1,0
EXP1990,2025-12-30,C143,Australia,Textiles,282,13.57,0,3826.74,Sea,28,LC,3,1,0
EXP1991,2025-12-31,C216,Germany,Textiles,802,13.4,10,9672.12,Sea,23,Advance,5,0,0
EXP1992,2025-12-31,C019,USA,Spices,130,16.36,0,2126.8,Sea,29,Advance,4,0,0
EXP1993,2025-12-31,C241,UAE,Tea,941,9.17,5,8197.52,Air,3,Advance,4,0,0
EXP1994,2026-01-01,C247,Germany,Seafood,387,16.46,0,6370.02,Air,7,Net60,5,0,0
EXP1995,2026-01-01,C216,UAE,Textiles,1237,13.06,5,15347.46,Air,6,,5,0,0
EXP1996,2026-01-01,C195,USA,Coir Products,707,5.9,5,3962.74,Sea,29,Net30,3,1,0
EXP1997,2026-01-02,C225,UAE,Coir Products,631,7.55,5,4525.85,Sea,15,LC,4,0,0
EXP1998,2026-01-03,C235,Germany,Spices,202,22.58,0,4561.16,Sea,27,LC,3,0,0
EXP1999,2026-01-03,C272,UAE,Cashew,1046,9.61,10,9046.85,Sea,16,Net60,3,1,1
EXP2000,2026-01-03,C129,Germany,Seafood,306,14.24,0,4357.44,Air,8,Net60,5,0,0
EXP2001,2026-01-03,C137,Singapore,Seafood,96,13.97,0,1341.12,Air,6,Advance,4,1,0
EXP2002,2026-01-03,C192,Singapore,Tea,881,10.14,5,8486.67,Sea,18,Net60,5,0,0
EXP2003,2026-01-04,C058,USA,Tea,385,8.57,5,3134.48,Sea,33,LC,4,0,0
EXP2004,2026-01-04,C257,Germany,Spices,35,18.52,0,648.2,Sea,27,Net30,2,1,0
EXP2005,2026-01-04,C232,Germany,Tea,269,11.16,5,2851.94,Sea,30,Advance,4,0,0
EXP2006,2026-01-04,C190,UK,Tea,773,8.99,10,6254.34,Sea,27,LC,3,1,0
EXP2007,2026-01-04,C091,Germany,Textiles,673,15.19,5,9711.73,Sea,30,Net30,5,0,0
EXP2008,2026-01-04,C105,UAE,Spices,375,19.12,0,7170.0,Sea,20,Net30,,0,0
EXP2009,2026-01-05,C131,Netherlands,Seafood,438,14.87,0,6513.06,Air,4,Net30,4,0,0
EXP2010,2026-01-05,C199,UAE,Spices,74,20.29,0,1501.46,Sea,13,LC,5,0,0
EXP2011,2026-01-06,C234,Singapore,Spices,162,16.16,0,2617.92,Air,5,Net60,,0,0
EXP2012,2026-01-06,C202,Germany,Seafood,224,18.57,0,4159.68,Air,5,LC,4,0,0
EXP2013,2026-01-06,C279,USA,Cashew,629,10.22,0,6428.38,Sea,34,Advance,5,0,0
EXP2014,2026-01-06,C289,Saudi Arabia,Tea,217,8.48,5,1748.15,Sea,15,Advance,3,0,0
EXP2015,2026-01-07,C212,UAE,Textiles,424,12.17,10,4644.07,Sea,18,Advance,4,0,0
EXP2016,2026-01-07,C112,Saudi Arabia,Tea,431,8.0,0,3448.0,Sea,17,Advance,4,0,0
EXP2017,2026-01-07,C180,Germany,Spices,157,17.08,0,2681.56,Sea,32,Net30,4,0,0
EXP2018,2026-01-07,C128,UAE,Coir Products,685,4.25,5,2765.69,Sea,12,Advance,,0,0
EXP2019,2026-01-10,C189,UAE,Tea,393,8.75,0,3438.75,Air,4,Net30,4,0,0
EXP2020,2026-01-10,C244,Saudi Arabia,Textiles,369,13.15,0,4852.35,Sea,12,Advance,5,0,0
EXP2021,2026-01-10,C111,USA,Spices,400,19.71,0,7884.0,Sea,30,Net30,4,0,0
EXP2022,2026-01-11,C152,Australia,Textiles,721,14.71,0,10605.91,Air,6,LC,4,0,0
EXP2023,2026-01-11,C014,Saudi Arabia,Cashew,547,,5,5232.88,Sea,17,LC,3,1,0
EXP2024,2026-01-11,C221,Saudi Arabia,Spices,431,17.01,10,6598.18,Sea,17,Net30,3,0,0
EXP2025,2026-01-11,C147,USA,Spices,600,17.49,10,9444.6,Sea,32,Net60,3,1,1
EXP2026,2026-01-12,C138,Saudi Arabia,Coir Products,242,7.07,5,1625.39,Sea,17,Net60,4,0,0
EXP2027,2026-01-12,C160,Netherlands,Cashew,131,9.91,0,1298.21,Air,9,LC,4,0,0
EXP2028,2026-01-12,C065,UAE,Textiles,763,12.79,0,9758.77,Sea,17,Net60,4,0,0
EXP2029,2026-01-12,C180,USA,Cashew,261,9.51,0,2482.11,Sea,27,Net30,4,0,0
EXP2030,2026-01-12,C224,USA,Coir Products,481,4.93,10,2134.2,Sea,30,Net60,3,1,1
EXP2031,2026-01-13,C105,USA,Tea,272,9.33,0,2537.76,Sea,32,Advance,4,1,1
EXP2032,2026-01-13,C040,Saudi Arabia,Coir Products,1117,6.15,5,6526.07,Sea,20,Advance,5,0,0
EXP2033,2026-01-13,C117,UK,Spices,757,20.77,5,14936.75,Sea,28,Advance,1,1,0
EXP2034,2026-01-13,C060,Germany,Cashew,573,12.37,5,6733.61,Sea,27,Net30,5,0,0
EXP2035,2026-01-14,C113,USA,Spices,190,23.18,0,4404.2,Sea,31,Advance,5,0,0
EXP2036,2026-01-15,C189,UAE,Tea,678,8.92,5,5745.37,Air,5,Advance,4,0,0
EXP2037,2026-01-15,C035,USA,Coir Products,256,5.81,0,1487.36,Air,8,Net30,5,0,0
EXP2038,2026-01-15,C225,Singapore,Coir Products,79,5.06,0,399.74,Air,5,Net60,5,0,0
EXP2039,2026-01-15,C068,Germany,Textiles,452,15.17,10,6171.16,Sea,26,Net30,3,0,0
EXP2040,2026-01-16,C269,USA,Coir Products,199,6.09,0,1211.91,Air,7,Net30,4,0,0
EXP2041,2026-01-16,C220,Singapore,Seafood,163,17.25,0,2811.75,Air,5,Advance,5,0,0
EXP2042,2026-01-16,C082,UAE,Seafood,238,13.81,0,3286.78,Air,6,Net60,3,0,0
EXP2043,2026-01-17,C169,USA,Seafood,696,16.68,0,11609.28,Air,8,Advance,4,0,0
EXP2044,2026-01-17,C034,USA,Textiles,986,14.34,0,14139.24,Sea,31,LC,3,1,0
EXP2045,2026-01-17,C030,Netherlands,Textiles,152,14.23,5,2054.81,Air,5,LC,5,0,0
EXP2046,2026-01-17,C287,Saudi Arabia,Textiles,163,12.85,5,1989.82,Air,4,Advance,5,0,0
EXP2047,2026-01-18,C241,Germany,Coir Products,422,6.86,5,2750.17,Air,7,Net30,4,0,0
EXP2048,2026-01-18,C047,UAE,Tea,1104,11.21,5,11757.05,Sea,13,Net30,4,0,0
EXP2049,2026-01-18,C085,UAE,Textiles,157,12.13,0,1904.41,Air,6,Advance,3,0,0
EXP2050,2026-01-19,C060,Germany,Spices,164,19.56,0,3207.84,Sea,27,Advance,5,0,0
EXP2051,2026-01-19,C119,USA,Spices,163,11.78,0,1920.14,Sea,31,Advance,4,0,0
EXP2052,2026-01-19,C088,Australia,Seafood,272,17.28,5,4465.15,Air,6,Advance,4,0,0
EXP2053,2026-01-20,C099,Saudi Arabia,Spices,412,13.96,5,5463.94,Air,4,Net60,5,0,0
EXP2054,2026-01-20,C159,UK,Coir Products,967,5.62,0,5434.54,Air,7,Net30,4,0,0
EXP2055,2026-01-21,C057,Saudi Arabia,Textiles,601,11.79,10,6377.21,Sea,15,Advance,5,0,0
EXP2056,2026-01-22,C265,Netherlands,Spices,93,17.53,5,1548.78,Sea,31,Advance,5,0,0
EXP2057,2026-01-22,C219,UK,Seafood,228,17.61,5,3814.33,Air,7,Net30,4,0,0
EXP2058,2026-01-22,C229,Germany,Spices,534,13.99,5,7097.13,Sea,28,Net30,4,0,0
EXP2059,2026-01-22,C051,Australia,Seafood,529,15.31,0,8098.99,Air,5,Net60,3,0,0
EXP2060,2026-01-23,C213,USA,Cashew,429,10.32,5,4205.92,Sea,33,Advance,3,1,0
EXP2061,2026-01-23,C251,Australia,Tea,127,10.71,0,1360.17,Sea,30,LC,5,0,0
EXP2062,2026-01-23,C053,UAE,Spices,325,18.93,5,5844.64,Sea,17,Advance,4,0,0
EXP2063,2026-01-23,C226,Germany,Tea,392,7.73,5,2878.65,Sea,24,Net30,4,0,0
EXP2064,2026-01-23,C108,Singapore,Tea,143,8.49,5,1153.37,Air,5,LC,4,0,0
EXP2065,2026-01-23,C237,Germany,Tea,208,10.68,5,2110.37,Sea,31,Net30,4,0,0
EXP2066,2026-01-24,C144,UK,Rubber Goods,329,8.69,0,2859.01,Sea,21,Advance,,1,0
EXP2067,2026-01-24,C241,Germany,Tea,637,8.01,10,4592.13,Air,,Net30,5,0,0
EXP2068,2026-01-24,C045,UAE,Seafood,516,15.49,0,7992.84,Air,2,Advance,3,0,0
EXP2069,2026-01-24,C117,UAE,Spices,349,17.49,0,6104.01,Sea,15,Net30,5,0,0
EXP2070,2026-01-25,C083,USA,Rubber Goods,908,7.48,10,6112.66,Sea,30,Advance,4,0,0
EXP2071,2026-01-25,C075,Germany,Tea,409,7.15,5,2778.13,Air,6,Net30,,0,0
EXP2072,2026-01-25,C093,UK,Coir Products,476,5.51,0,2622.76,Sea,25,Advance,3,1,0
EXP2073,2026-01-25,C115,USA,Textiles,709,16.33,10,10420.17,Sea,30,Net30,4,0,0
EXP2074,2026-01-25,C039,Australia,Spices,303,17.18,5,4945.26,Sea,29,Net30,4,0,0
EXP2075,2026-01-26,C213,USA,Cashew,200,10.86,0,2172.0,Sea,32,LC,4,0,0
EXP2076,2026-01-26,C166,UK,Tea,485,9.15,5,4215.86,Sea,19,Advance,4,0,0
EXP2077,2026-01-27,C249,UK,Textiles,511,17.73,5,8607.03,Sea,27,LC,2,1,0
EXP2078,2026-01-27,C212,UAE,Textiles,422,14.01,5,5616.61,Sea,14,LC,3,0,0
EXP2079,2026-01-27,C045,Saudi Arabia,Textiles,349,15.84,0,5528.16,Sea,16,Net30,5,0,0
EXP2080,2026-01-27,C021,UK,Spices,321,16.71,5,5095.71,Sea,25,Advance,5,0,0
EXP2081,2026-01-28,C127,UAE,Spices,182,17.44,0,3174.08,Sea,16,Advance,5,0,0
EXP2082,2026-01-29,C145,Netherlands,Spices,757,18.03,10,12283.84,Sea,27,LC,4,0,0
EXP2083,2026-01-30,C073,Singapore,Tea,570,8.16,10,4186.08,Air,6,LC,2,1,0
EXP2084,2026-01-30,C235,Saudi Arabia,Spices,324,17.56,0,5689.44,Sea,16,Advance,4,0,0
EXP2085,2026-01-30,C175,Australia,Rubber Goods,536,8.85,0,4743.6,Air,7,Net30,5,0,0
EXP2086,2026-01-30,C225,Australia,Coir Products,532,5.42,5,2739.27,Air,6,Advance,2,1,0
EXP2087,2026-01-31,C033,USA,Textiles,126,14.0,5,1675.8,Air,7,Net60,5,0,0
EXP2088,2026-01-31,C245,Germany,Tea,261,9.77,0,2549.97,Sea,28,Net30,3,1,0
EXP2089,2026-01-31,C062,Germany,Tea,125,8.11,0,1013.75,Sea,24,LC,5,0,0
EXP2090,2026-02-01,C135,USA,Coir Products,198,6.79,5,1277.2,Sea,37,Net60,5,0,0
EXP2091,2026-02-01,C132,USA,Tea,187,9.08,0,1697.96,Sea,27,Net30,5,0,0
EXP2092,2026-02-02,C247,UAE,Tea,838,8.82,10,6652.04,Sea,16,Net30,3,0,0
EXP2093,2026-02-02,C084,Germany,Coir Products,1338,4.55,5,5783.5,Sea,25,LC,5,0,0
EXP2094,2026-02-02,C073,Singapore,Coir Products,424,5.73,5,2308.04,Sea,17,Net30,4,0,0
EXP2095,2026-02-03,C102,Saudi Arabia,Rubber Goods,214,8.36,0,1789.04,Air,4,Advance,4,0,0
EXP2096,2026-02-03,C109,USA,Tea,323,10.88,0,3514.24,Sea,28,LC,4,1,0
EXP2097,2026-02-04,C055,UAE,Coir Products,1013,6.41,15,5519.33,Air,4,Advance,4,0,0
EXP2098,2026-02-04,C053,UK,Spices,445,20.43,10,8182.22,Air,6,LC,3,1,0
EXP2099,2026-02-04,C070,Germany,Tea,481,7.69,0,3698.89,Sea,29,Net30,5,0,0
EXP2100,2026-02-05,C141,Australia,Cashew,425,10.83,10,4142.48,Sea,30,Advance,4,0,0
EXP2101,2026-02-05,C104,Australia,Spices,301,20.64,0,6212.64,Sea,27,Advance,4,0,0
EXP2102,2026-02-05,C118,Australia,Textiles,158,12.51,5,1877.75,Air,6,Net30,3,0,0
EXP2103,2026-02-06,C216,Singapore,Coir Products,262,6.69,5,1665.14,Sea,18,LC,4,0,0
EXP2104,2026-02-07,C073,Netherlands,Spices,634,19.58,10,11172.35,Sea,23,Advance,4,0,0
EXP2105,2026-02-08,C273,UK,Rubber Goods,671,8.26,5,5265.34,Sea,21,LC,5,0,0
EXP2106,2026-02-08,C226,UAE,Coir Products,137,5.76,0,789.12,Sea,18,Net60,3,0,0
EXP2107,2026-02-08,C053,UAE,Cashew,440,9.7,0,4268.0,Air,2,Net30,3,0,0
EXP2108,2026-02-08,C095,USA,Coir Products,364,,0,2649.92,Air,9,Net30,4,0,0
EXP2109,2026-02-08,C056,USA,Rubber Goods,1087,8.61,10,8423.16,Sea,29,Net30,2,1,0
EXP2110,2026-02-09,C082,UAE,Tea,730,9.37,0,6840.1,Sea,15,Net30,4,0,0
EXP2111,2026-02-09,C110,Netherlands,Coir Products,981,5.7,0,5591.7,Sea,25,Net30,4,1,0
EXP2112,2026-02-09,C040,UAE,Cashew,381,11.05,5,3999.55,Sea,11,Net30,4,0,0
EXP2113,2026-02-09,C005,Netherlands,Tea,884,9.18,5,7709.36,Sea,26,Net60,5,0,0
EXP2114,2026-02-09,C132,Saudi Arabia,Tea,935,9.43,0,8817.05,Sea,19,Net30,4,0,0
EXP2115,2026-02-10,C211,Germany,Rubber Goods,324,8.7,0,2818.8,Air,6,LC,5,0,0
EXP2116,2026-02-10,C091,Saudi Arabia,Textiles,731,12.69,0,9276.39,Air,5,Advance,4,0,0
EXP2117,2026-02-10,C259,USA,Textiles,352,11.54,5,3858.98,Sea,27,Advance,3,1,0
EXP2118,2026-02-10,C111,Germany,Textiles,251,14.14,5,3371.68,Sea,24,LC,4,0,0
EXP2119,2026-02-10,C271,UAE,Seafood,467,12.65,0,5907.55,Air,3,Net60,4,0,0
EXP2120,2026-02-10,C071,Australia,Seafood,333,15.38,0,5121.54,Air,7,Net30,4,0,0
EXP2121,2026-02-10,C162,USA,Textiles,600,13.14,5,7489.8,Air,8,Net30,3,0,0
EXP2122,2026-02-11,C229,USA,Tea,247,9.53,0,2353.91,Sea,32,Net30,4,0,0
EXP2123,2026-02-11,C018,Saudi Arabia,Spices,570,22.28,0,12699.6,Sea,18,Net60,4,0,0
EXP2124,2026-02-11,C280,Germany,Textiles,270,10.73,5,2752.24,Sea,20,Net30,,0,0
EXP2125,2026-02-12,C110,UK,Seafood,95,20.37,5,1838.39,Air,7,LC,3,0,0
EXP2126,2026-02-13,C150,Germany,Coir Products,682,5.83,10,3578.45,Sea,24,LC,3,1,0
EXP2127,2026-02-13,C189,UAE,Spices,380,18.75,0,7125.0,Sea,15,LC,4,1,0
EXP2128,2026-02-14,C193,Saudi Arabia,Tea,343,7.47,5,2434.1,Sea,13,Advance,5,0,0
EXP2129,2026-02-14,C008,USA,Coir Products,4299,6.72,10,26000.35,Sea,31,Advance,4,1,0
EXP2130,2026-02-15,C261,USA,Seafood,236,16.08,0,3794.88,Air,8,LC,4,0,0
EXP2131,2026-02-17,C188,UAE,Spices,175,17.87,0,3127.25,Sea,17,Advance,4,0,0
EXP2132,2026-02-17,C300,USA,Textiles,377,10.75,5,3850.11,Sea,24,Advance,5,0,0
EXP2133,2026-02-17,C142,USA,Cashew,900,11.1,10,8991.0,Sea,31,Net60,3,1,0
EXP2134,2026-02-17,C185,UK,Rubber Goods,563,8.81,5,4712.03,Air,5,LC,3,0,0
EXP2135,2026-02-17,C133,UAE,Spices,550,17.49,5,9138.52,Sea,13,Net30,5,0,0
EXP2136,2026-02-18,C267,UAE,Rubber Goods,168,9.13,5,1457.15,Sea,17,Advance,4,0,0
EXP2137,2026-02-18,C250,Germany,Textiles,943,15.9,5,14244.02,Sea,29,Net60,3,0,0
EXP2138,2026-02-18,C273,UAE,Cashew,204,10.15,0,2070.6,Sea,14,Net30,4,0,0
EXP2139,2026-02-19,C152,Saudi Arabia,Spices,405,21.45,0,8687.25,Sea,12,Net60,4,0,0
EXP2140,2026-02-20,C238,Netherlands,Coir Products,406,6.03,0,2448.18,Sea,20,LC,3,1,0
EXP2141,2026-02-20,C108,UK,Textiles,394,14.08,0,5547.52,Sea,22,Net30,4,0,0
EXP2142,2026-02-21,C139,Australia,Tea,205,9.11,5,1774.17,Sea,28,LC,5,0,0
EXP2143,2026-02-21,C229,UAE,Coir Products,1093,6.05,10,5951.38,Sea,14,LC,3,0,0
EXP2144,2026-02-22,C025,UAE,Textiles,894,9.58,5,8136.29,Sea,14,Net30,4,0,0
EXP2145,2026-02-22,C214,Saudi Arabia,Textiles,313,13.69,0,4284.97,Sea,19,,4,0,0
EXP2146,2026-02-22,C005,Saudi Arabia,Spices,87,15.05,0,1309.35,Sea,18,Advance,5,0,0
EXP2147,2026-02-22,C175,Singapore,Coir Products,1455,7.17,10,9389.12,Sea,19,,3,1,1
EXP2148,2026-02-22,C144,UAE,Spices,169,21.43,0,3621.67,Sea,18,Advance,4,0,0
EXP2149,2026-02-22,C141,Saudi Arabia,Seafood,194,17.64,5,3251.05,Air,4,Net30,5,0,0
EXP2150,2026-02-23,C149,USA,Rubber Goods,323,7.77,0,2509.71,Sea,27,Advance,5,0,0
EXP2151,2026-02-24,C148,USA,Tea,645,7.91,10,4591.76,Air,6,LC,5,0,0
EXP2152,2026-02-24,C123,UAE,Spices,393,16.58,0,6515.94,Sea,14,LC,3,0,0
EXP2153,2026-02-24,C136,Netherlands,Spices,597,22.2,5,12590.73,Sea,20,LC,5,0,0
EXP2154,2026-02-25,C171,UAE,Coir Products,1278,5.5,5,6677.55,Air,4,Net30,4,0,0
EXP2155,2026-02-26,C230,Singapore,Seafood,384,11.48,0,4408.32,Air,4,Net60,4,0,0
EXP2156,2026-02-26,C166,Germany,Coir Products,659,6.74,5,4219.58,Sea,28,Advance,4,0,0
EXP2157,2026-02-26,C193,Saudi Arabia,Spices,228,21.24,5,4600.58,Air,5,LC,5,0,0
EXP2158,2026-02-27,C251,Saudi Arabia,Spices,384,21.58,5,7872.38,Sea,17,Net30,5,0,0
EXP2159,2026-02-27,C297,Singapore,Tea,398,10.12,5,3826.37,Air,7,Advance,5,0,0
EXP2160,2026-02-28,C033,UAE,Seafood,407,18.31,10,6706.95,Air,5,Advance,4,0,0
EXP2161,2026-03-01,C214,UAE,Textiles,265,14.09,0,3733.85,Sea,13,LC,5,0,0
EXP2162,2026-03-01,C068,Germany,Textiles,142,10.51,0,1492.42,Air,7,Net30,4,0,0
EXP2163,2026-03-01,C060,USA,Tea,597,9.03,10,4851.82,Sea,30,LC,3,0,0
EXP2164,2026-03-02,C238,UAE,Rubber Goods,427,8.6,10,3304.98,Air,4,Advance,4,0,1
EXP2165,2026-03-03,C021,UAE,Tea,198,8.85,0,1752.3,Sea,18,Net60,4,0,0
EXP2166,2026-03-03,C255,USA,Seafood,672,15.65,0,10516.8,Air,6,Net60,5,0,0
EXP2167,2026-03-03,C232,UAE,Seafood,217,14.15,0,3070.55,Air,5,Net30,4,0,0
EXP2168,2026-03-03,C299,UAE,Coir Products,267,5.28,0,1409.76,Sea,13,Net30,5,0,0
EXP2169,2026-03-04,C201,Australia,Seafood,141,19.53,0,2753.73,Air,9,Net60,3,0,0
EXP2170,2026-03-05,C262,USA,Tea,361,11.02,5,3779.31,Air,8,Net30,5,0,0
EXP2171,2026-03-05,C036,Netherlands,Textiles,708,14.0,5,9416.4,Sea,31,Net30,3,1,1
EXP2172,2026-03-05,C267,Netherlands,Spices,170,18.61,0,3163.7,Sea,25,LC,3,1,0
EXP2173,2026-03-05,C049,UAE,Coir Products,629,5.29,0,3327.41,Sea,15,Advance,5,0,0
EXP2174,2026-03-06,C095,Saudi Arabia,Spices,306,19.39,0,5933.34,Sea,21,Net30,5,0,0
EXP2175,2026-03-06,C039,Germany,Spices,340,21.8,0,7412.0,Sea,29,Net30,3,0,0
EXP2176,2026-03-06,C121,Saudi Arabia,Spices,246,14.7,0,3616.2,Sea,17,LC,4,0,0
EXP2177,2026-03-06,C225,UAE,Tea,1115,9.5,10,9533.25,Air,5,Net30,5,0,0
EXP2178,2026-03-07,C081,UAE,Textiles,779,14.91,10,10453.4,Sea,14,Net30,5,0,0
EXP2179,2026-03-07,C247,UAE,Coir Products,1006,6.38,5,6097.37,Sea,13,LC,5,0,0
EXP2180,2026-03-07,C182,Germany,Tea,615,10.77,0,6623.55,Sea,26,Net30,3,0,0
EXP2181,2026-03-07,C189,Netherlands,Rubber Goods,1145,9.95,15,9683.84,Sea,24,Advance,5,0,0
EXP2182,2026-03-08,C282,Saudi Arabia,Rubber Goods,686,7.78,0,5337.08,Sea,22,Net30,4,0,0
EXP2183,2026-03-08,C130,Saudi Arabia,Spices,131,19.45,0,2547.95,Sea,12,Net60,5,0,0
EXP2184,2026-03-08,C104,Netherlands,Coir Products,883,6.06,5,5083.43,Sea,23,Net60,4,0,0
EXP2185,2026-03-09,C299,Saudi Arabia,Textiles,712,12.94,10,8291.95,Sea,18,Net60,3,1,0
EXP2186,2026-03-10,C168,UAE,Cashew,713,11.36,10,7289.71,Air,5,Net30,4,0,0
EXP2187,2026-03-10,C185,Australia,Tea,203,9.73,0,1975.19,Air,7,LC,4,0,0
EXP2188,2026-03-10,C089,USA,Cashew,191,11.29,0,2156.39,Sea,25,Net30,5,0,0
EXP2189,2026-03-11,C065,UAE,Spices,266,16.1,0,4282.6,Air,4,LC,3,0,0
EXP2190,2026-03-11,C051,UK,Tea,625,8.5,0,5312.5,Air,7,Net30,5,0,0
EXP2190,2026-03-11,C051,UK,Tea,625,8.5,0,5312.5,Air,7,Net30,5,0,0
EXP2191,2026-03-11,C068,Australia,Cashew,142,10.4,0,1476.8,Sea,34,LC,2,1,0
EXP2192,2026-03-12,C059,USA,Textiles,248,12.58,0,3119.84,Air,5,LC,3,0,0
EXP2193,2026-03-12,C225,UK,Seafood,356,16.6,0,5909.6,Air,6,LC,5,0,0
EXP2194,2026-03-13,C018,UAE,Spices,109,18.9,5,1957.09,Sea,13,LC,5,0,1
EXP2195,2026-03-13,C189,UAE,Spices,144,20.12,0,2897.28,Sea,18,LC,4,0,0
EXP2196,2026-03-13,C285,UAE,Spices,443,16.15,0,7154.45,Air,4,Advance,3,0,0
EXP2197,2026-03-13,C230,Saudi Arabia,Spices,372,16.75,5,5919.45,Air,3,LC,4,0,0
EXP2198,2026-03-14,C121,Australia,Spices,171,21.36,0,3652.56,Air,8,Advance,3,0,0
EXP2199,2026-03-14,C018,UAE,Coir Products,926,5.88,0,5444.88,Air,5,Net60,4,0,0
EXP2200,2026-03-15,C251,USA,Coir Products,824,6.02,0,4960.48,Sea,30,Advance,4,0,0
EXP2201,2026-03-15,C001,UAE,Textiles,481,13.71,5,6264.78,Sea,20,Net30,3,1,0
EXP2202,2026-03-16,C205,UAE,Tea,338,10.22,0,3454.36,Sea,15,Advance,4,0,0
EXP2203,2026-03-16,C202,Germany,Spices,339,20.53,5,6611.69,Sea,21,Net60,5,0,0
EXP2204,2026-03-17,C058,Saudi Arabia,Textiles,233,15.87,0,3697.71,Sea,16,Net30,3,1,0
EXP2205,2026-03-17,C222,Germany,Spices,337,18.06,0,6086.22,Air,8,Net60,4,0,0
EXP2206,2026-03-17,C053,USA,Seafood,243,14.32,5,3305.77,Air,7,Net60,4,0,0
EXP2207,2026-03-17,C068,Germany,Spices,305,,0,6758.8,Sea,27,Net30,4,0,0
EXP2208,2026-03-17,C244,UAE,Coir Products,374,6.62,5,2352.09,Air,5,Advance,4,0,0
EXP2209,2026-03-18,C294,UAE,Seafood,452,15.12,10,6150.82,Air,4,LC,2,1,0
EXP2210,2026-03-19,C080,Australia,Textiles,343,16.39,5,5340.68,Sea,24,LC,5,0,0
EXP2211,2026-03-19,C277,Saudi Arabia,Textiles,379,13.1,0,4964.9,Sea,19,Net60,3,0,0
EXP2212,2026-03-20,C274,Australia,Textiles,469,16.37,5,7293.65,Sea,31,Net60,3,1,1
EXP2213,2026-03-20,C231,Australia,Spices,371,21.19,0,7861.49,Sea,30,LC,5,0,1
EXP2214,2026-03-20,C043,Germany,Textiles,599,12.45,0,7457.55,Sea,23,Net30,3,0,0
EXP2215,2026-03-21,C090,Australia,Seafood,70,17.12,0,1198.4,Air,8,LC,,0,0
EXP2216,2026-03-22,C204,UK,Rubber Goods,604,8.75,0,5285.0,Sea,24,Net30,2,1,0
EXP2217,2026-03-22,C300,UAE,Coir Products,726,7.88,5,5434.84,Sea,16,Net30,3,0,0
EXP2218,2026-03-23,C245,UAE,Tea,916,8.2,10,6760.08,Sea,14,LC,3,0,0
EXP2219,2026-03-23,C127,UAE,Cashew,286,12.89,5,3502.21,Sea,20,Net60,4,0,0
EXP2220,2026-03-24,C071,UAE,Textiles,706,14.03,0,9905.18,Sea,15,Advance,5,0,0
EXP2221,2026-03-24,C289,USA,Tea,1694,7.66,15,11029.63,Sea,24,Net30,5,0,0
EXP2222,2026-03-25,C083,Saudi Arabia,Spices,497,17.74,0,8816.78,Sea,16,Net30,5,0,0
EXP2223,2026-03-25,C103,Singapore,Spices,135,18.01,0,2431.35,Sea,19,LC,4,1,0
EXP2224,2026-03-25,C290,Germany,Coir Products,1068,5.24,10,5036.69,Sea,27,LC,4,0,0
EXP2225,2026-03-25,C169,UAE,Spices,338,18.67,0,6310.46,Air,4,Advance,4,0,0
EXP2226,2026-03-25,C080,Saudi Arabia,Spices,210,20.07,5,4003.96,Sea,21,Net30,5,0,0
EXP2227,2026-03-26,C002,USA,Spices,403,18.51,0,7459.53,Sea,27,Net60,4,1,0
EXP2228,2026-03-26,C129,UAE,Rubber Goods,312,7.48,0,2333.76,Sea,15,Advance,3,0,0
EXP2229,2026-03-26,C296,USA,Spices,173,17.68,5,2905.71,Sea,35,Advance,5,0,0
EXP2230,2026-03-27,C130,USA,Spices,236,17.99,5,4033.36,Sea,24,LC,3,0,0
EXP2231,2026-03-27,C210,USA,Coir Products,544,6.16,5,3183.49,Sea,30,LC,3,1,0
EXP2232,2026-03-27,C076,Singapore,Tea,630,10.2,0,6426.0,Air,6,LC,4,0,0
EXP2233,2026-03-28,C233,Saudi Arabia,Rubber Goods,594,8.26,0,4906.44,Air,5,Net30,4,0,0
EXP2234,2026-03-29,C233,Saudi Arabia,Seafood,159,13.31,5,2010.48,Air,4,LC,4,0,0
EXP2235,2026-03-29,C183,UAE,Coir Products,1313,5.6,5,6985.16,Sea,,Net30,4,0,0
EXP2236,2026-03-29,C232,Singapore,Coir Products,987,6.12,10,5436.4,Air,3,LC,5,0,0
EXP2237,2026-03-29,C174,Saudi Arabia,Tea,162,10.21,0,1654.02,Air,4,Net30,4,0,0
EXP2238,2026-03-30,C114,UAE,Spices,96,20.8,0,1996.8,Sea,12,LC,,1,0
EXP2239,2026-03-30,C222,Germany,Tea,320,10.92,0,3494.4,Air,7,LC,5,0,0
EXP2240,2026-03-30,C251,UK,Spices,106,18.28,5,1840.8,Air,6,LC,4,0,0
EXP2241,2026-03-30,C253,UK,Spices,448,19.65,5,8363.04,Air,7,Net30,4,0,0
EXP2242,2026-03-31,C064,UAE,Textiles,358,11.56,0,4138.48,Sea,17,Net60,,0,0
EXP2243,2026-04-01,C203,UK,Spices,352,18.93,0,6663.36,Air,5,Advance,5,0,0
EXP2244,2026-04-01,C002,UAE,Spices,397,15.68,0,6224.96,Sea,21,LC,4,1,0
EXP2245,2026-04-02,C172,UAE,Coir Products,170,5.95,5,960.92,Sea,17,Net30,5,0,0
EXP2246,2026-04-03,C172,UAE,Coir Products,492,8.18,10,3622.1,Sea,,Advance,3,1,0
EXP2247,2026-04-03,C110,Netherlands,Spices,229,18.66,0,4273.14,Sea,28,Net30,5,0,0
EXP2248,2026-04-04,C299,USA,Spices,307,16.13,0,4951.91,Air,8,LC,5,0,0
EXP2249,2026-04-04,C265,USA,Spices,434,18.88,5,7784.22,Sea,33,Net60,2,1,0
EXP2250,2026-04-04,C012,USA,Tea,1378,8.44,10,10467.29,Sea,30,Net30,4,0,0
EXP2251,2026-04-05,C063,Australia,Cashew,842,9.73,10,7373.39,Sea,29,Advance,3,0,0
EXP2252,2026-04-05,C063,Germany,Seafood,210,20.04,0,4208.4,Air,8,Net30,4,0,0
EXP2253,2026-04-05,C270,Australia,Coir Products,670,6.77,5,4309.1,Sea,21,Advance,4,1,0
EXP2254,2026-04-06,C156,USA,Coir Products,1587,6.25,5,9422.81,Sea,25,Net30,4,1,0
EXP2255,2026-04-06,C219,UAE,Cashew,348,10.48,0,3647.04,Sea,21,Net30,4,0,0
EXP2256,2026-04-07,C243,Germany,Textiles,363,13.48,0,4893.24,Sea,23,Net30,1,1,0
EXP2257,2026-04-07,C231,USA,Spices,452,21.33,10,8677.04,Sea,32,LC,2,1,0
EXP2258,2026-04-08,C027,Singapore,Spices,316,18.66,0,5896.56,Sea,16,LC,4,0,0
EXP2259,2026-04-08,C043,Australia,Coir Products,253,3.78,0,956.34,Sea,27,LC,3,1,0
EXP2260,2026-04-08,C119,UK,Textiles,431,18.07,10,7009.35,Air,6,Net30,3,1,0
EXP2261,2026-04-09,C102,Netherlands,Spices,108,18.4,0,1987.2,Air,6,Net30,4,0,0
EXP2262,2026-04-09,C225,Germany,Tea,59,9.37,0,552.83,Sea,28,LC,4,0,0
EXP2263,2026-04-09,C047,USA,Tea,1135,10.17,10,10388.66,Sea,31,Net30,4,0,0
EXP2264,2026-04-09,C112,UK,Tea,470,9.5,5,4241.75,Sea,28,Net30,3,1,0
EXP2265,2026-04-09,C071,UAE,Coir Products,588,6.54,0,3845.52,Air,6,Net30,2,1,0
EXP2266,2026-04-09,C057,Singapore,Textiles,382,13.29,0,5076.78,Sea,21,LC,5,0,0
EXP2267,2026-04-09,C052,UAE,Coir Products,705,5.11,0,3602.55,Sea,19,LC,4,0,0
EXP2268,2026-04-09,C059,USA,Spices,189,18.61,0,3517.29,Sea,33,LC,3,0,0
EXP2269,2026-04-10,C170,Germany,Spices,136,21.09,0,2868.24,Sea,26,Net30,4,1,0
EXP2270,2026-04-10,C124,UAE,Seafood,164,14.76,5,2299.61,Air,4,Net30,4,0,0
EXP2271,2026-04-10,C131,UAE,Coir Products,1500,5.48,15,6987.0,Sea,13,Net60,5,0,0
EXP2272,2026-04-10,C144,Saudi Arabia,Spices,446,20.64,5,8745.17,Sea,15,Advance,,0,0
EXP2273,2026-04-11,C223,UAE,Tea,328,8.51,0,2791.28,Sea,13,Net30,3,1,0
EXP2274,2026-04-11,C259,UK,Cashew,960,10.46,0,10041.6,Sea,25,Net60,3,1,0
EXP2275,2026-04-11,C158,USA,Cashew,335,10.51,5,3344.81,Air,9,Advance,5,0,0
EXP2276,2026-04-11,C193,USA,Seafood,131,15.88,0,2080.28,Air,6,Advance,4,0,0
EXP2277,2026-04-11,C222,UAE,Textiles,649,11.36,0,7372.64,Sea,17,Advance,4,0,0
EXP2278,2026-04-12,C208,Saudi Arabia,Coir Products,1634,5.61,15,7791.73,Sea,14,Net30,4,0,0
EXP2279,2026-04-13,C041,Netherlands,Coir Products,1460,6.17,5,8557.79,Sea,23,LC,4,0,0
EXP2280,2026-04-15,C295,UAE,Spices,163,18.48,5,2861.63,Sea,15,Advance,3,0,0
EXP2281,2026-04-15,C050,Netherlands,Textiles,237,15.95,5,3591.14,Air,7,LC,4,0,0
EXP2282,2026-04-16,C124,Germany,Textiles,416,17.09,10,6398.5,Sea,23,Net30,5,0,0
EXP2283,2026-04-16,C196,Germany,Spices,356,21.27,5,7193.51,Sea,31,Net60,3,0,0
EXP2284,2026-04-17,C122,Saudi Arabia,Seafood,344,17.76,0,6109.44,Air,5,Net30,4,0,0
EXP2285,2026-04-19,C073,Saudi Arabia,Tea,840,8.84,0,7425.6,Sea,23,Net60,3,1,0
EXP2286,2026-04-19,C278,Singapore,Spices,291,16.65,5,4602.89,Sea,19,Net30,5,0,0
EXP2287,2026-04-19,C022,UK,Tea,495,9.02,10,4018.41,Air,8,Net30,3,0,0
EXP2288,2026-04-20,C074,UK,Seafood,237,17.12,0,4057.44,Air,6,LC,4,0,0
EXP2289,2026-04-20,C298,USA,Seafood,389,17.58,0,6838.62,Air,7,Net60,5,0,0
EXP2290,2026-04-20,C219,UAE,Coir Products,1113,6.45,5,6819.91,Air,6,Net60,4,0,0
EXP2291,2026-04-20,C027,Saudi Arabia,Rubber Goods,371,7.88,5,2777.31,Sea,14,Net30,4,0,0
EXP2292,2026-04-21,C227,UAE,Seafood,323,17.51,0,5655.73,Air,5,LC,4,0,0
EXP2293,2026-04-21,C291,USA,Seafood,375,18.42,0,6907.5,Air,6,LC,4,0,0
EXP2294,2026-04-21,C030,UAE,Seafood,392,17.69,0,6934.48,Air,7,LC,4,0,0
EXP2295,2026-04-21,C125,UAE,Tea,527,8.97,10,4254.47,Sea,14,Advance,5,0,0
EXP2296,2026-04-21,C141,Germany,Cashew,408,9.9,5,3837.24,Sea,32,Advance,4,0,0
EXP2297,2026-04-22,C040,Germany,Textiles,515,12.56,0,6468.4,Sea,25,LC,5,0,0
EXP2298,2026-04-22,C061,UK,Cashew,365,10.1,0,3686.5,Sea,30,Advance,4,0,0
EXP2299,2026-04-22,C053,UAE,Spices,658,18.56,5,11601.86,Sea,22,Net60,4,1,0
EXP2300,2026-04-22,C056,UK,Cashew,373,11.69,0,4360.37,Air,6,Net30,5,0,0
EXP2301,2026-04-22,C122,USA,Rubber Goods,391,6.64,5,2466.43,Sea,36,Net30,3,1,0
EXP2302,2026-04-23,C140,Saudi Arabia,Tea,534,8.46,10,4065.88,Sea,24,LC,3,1,1
EXP2303,2026-04-23,C072,Germany,Rubber Goods,953,8.23,5,7451.03,Air,7,Advance,3,0,0
EXP2304,2026-04-23,C087,UK,Tea,766,8.03,10,5535.88,Sea,,LC,3,0,0
EXP2305,2026-04-23,C058,UK,Spices,135,18.94,0,2556.9,Sea,25,Net60,4,1,0
EXP2306,2026-04-25,C239,Netherlands,Spices,584,17.34,10,9113.9,Sea,26,Advance,4,0,0
EXP2307,2026-04-25,C064,Saudi Arabia,Cashew,533,10.05,10,4820.99,Sea,17,Net30,3,1,0
EXP2308,2026-04-25,C273,UK,Textiles,1131,14.09,5,15139.0,Air,7,Advance,3,0,0
EXP2309,2026-04-26,C162,UK,Tea,172,9.42,5,1539.23,Sea,23,LC,3,0,0
EXP2310,2026-04-26,C241,UAE,Textiles,962,12.57,5,11487.72,Air,6,Advance,4,0,0
EXP2311,2026-04-27,C191,Netherlands,Tea,218,8.74,5,1810.05,Sea,27,LC,5,0,0
EXP2312,2026-04-27,C080,USA,Coir Products,596,6.34,10,3400.78,Sea,28,Advance,4,0,0
EXP2313,2026-04-28,C181,USA,Seafood,339,14.54,0,4929.06,Air,8,Net60,4,0,0
EXP2314,2026-04-28,C083,Netherlands,Textiles,245,11.21,5,2609.13,Sea,26,Advance,4,0,0
EXP2315,2026-04-29,C036,Saudi Arabia,Cashew,251,8.97,0,2251.47,Sea,16,LC,5,0,0
EXP2316,2026-04-29,C077,UAE,Textiles,203,13.3,0,2699.9,Sea,19,Advance,5,0,0
EXP2317,2026-04-29,C083,UAE,Rubber Goods,936,6.73,5,5984.32,Sea,15,Net60,,0,0
EXP2318,2026-04-30,C041,UAE,Tea,262,8.62,5,2145.52,Air,3,Net30,5,0,1
EXP2319,2026-04-30,C008,Germany,Tea,448,10.8,5,4596.48,Air,5,,4,0,0
EXP2320,2026-04-30,C284,UAE,Spices,338,15.02,0,5076.76,Sea,16,,4,0,0
EXP2321,2026-04-30,C155,Australia,Textiles,636,13.53,10,7744.57,Air,7,Net60,4,0,0
EXP2322,2026-05-01,C121,Australia,Textiles,603,17.58,10,9540.67,Sea,24,Advance,5,0,0
EXP2323,2026-05-01,C279,Germany,Cashew,401,11.54,10,4164.79,Sea,27,Net30,4,0,0
EXP2324,2026-05-01,C068,Germany,Tea,178,8.6,5,1454.26,Sea,29,Net30,5,0,0
EXP2325,2026-05-02,C121,USA,Spices,231,17.66,0,4079.46,Sea,33,Advance,5,0,0
EXP2326,2026-05-03,C255,UAE,Textiles,599,14.72,10,7935.55,Sea,12,Advance,4,0,0
EXP2327,2026-05-03,C190,Saudi Arabia,Rubber Goods,655,9.63,0,6307.65,Sea,12,LC,4,0,0
EXP2328,2026-05-04,C120,UAE,Tea,413,8.43,10,3133.43,Air,3,,4,0,0
EXP2329,2026-05-04,C077,UAE,Spices,171,16.36,5,2657.68,Sea,20,LC,3,1,0
EXP2330,2026-05-05,C011,USA,Tea,523,7.51,5,3731.34,Air,8,LC,3,0,0
EXP2331,2026-05-05,C026,UAE,Coir Products,929,6.07,10,5075.13,Sea,14,Advance,4,1,0
EXP2332,2026-05-05,C049,UK,Tea,341,7.48,0,2550.68,Sea,20,Net30,4,1,0
EXP2333,2026-05-05,C236,Saudi Arabia,Tea,769,8.5,10,5882.85,Sea,15,LC,4,0,0
EXP2334,2026-05-05,C192,Singapore,Textiles,1181,12.47,15,12518.01,Sea,16,Net30,3,1,0
EXP2335,2026-05-06,C131,Germany,Tea,454,10.16,10,4151.38,Sea,29,LC,4,0,0
EXP2336,2026-05-06,C235,Singapore,Tea,269,8.45,5,2159.4,Air,8,LC,4,0,0
EXP2337,2026-05-06,C049,UK,Spices,121,18.86,5,2167.96,Sea,21,LC,4,0,0
EXP2338,2026-05-07,C064,Singapore,Seafood,184,12.92,0,2377.28,Air,4,Net60,4,0,0
EXP2339,2026-05-08,C118,UK,Coir Products,694,6.09,5,4015.14,Air,6,LC,3,0,0
EXP2340,2026-05-08,C276,USA,Tea,195,,0,1501.5,Sea,26,Net30,4,0,0
EXP2341,2026-05-08,C185,Netherlands,Spices,217,17.08,0,3706.36,Air,5,Net30,5,0,0
EXP2342,2026-05-08,C256,USA,Textiles,896,17.71,0,15868.16,Sea,31,Net30,4,0,0
EXP2343,2026-05-10,C075,UAE,Seafood,46,17.79,5,777.42,Air,5,Advance,2,0,0
EXP2344,2026-05-10,C255,USA,Spices,282,17.72,5,4747.19,Sea,25,Advance,4,0,0
EXP2345,2026-05-10,C022,USA,Spices,187,24.91,0,4658.17,Sea,30,Net30,5,0,0
EXP2346,2026-05-10,C069,USA,Spices,265,16.02,0,4245.3,Sea,32,Net30,5,0,0
EXP2347,2026-05-10,C157,UK,Textiles,1217,15.96,10,17480.99,Sea,29,Net30,,1,0
EXP2348,2026-05-11,C016,Australia,Rubber Goods,602,6.53,10,3537.95,Air,7,Net30,4,0,0
EXP2349,2026-05-11,C258,USA,Coir Products,629,5.82,5,3477.74,Sea,28,Advance,5,0,0
EXP2350,2026-05-12,C261,UK,Tea,644,7.54,5,4612.97,Sea,23,Net30,3,0,0
EXP2351,2026-05-12,C163,USA,Cashew,422,11.34,10,4306.93,Sea,31,Net30,2,1,0
EXP2352,2026-05-13,C092,Singapore,Cashew,377,11.07,5,3964.72,Sea,18,Net60,4,0,0
EXP2353,2026-05-13,C030,UAE,Tea,539,8.67,0,4673.13,Sea,18,Net30,5,0,0
EXP2354,2026-05-14,C186,UAE,Spices,517,20.36,5,9999.81,Sea,13,LC,4,0,0
EXP2355,2026-05-14,C162,UK,Tea,720,8.39,5,5738.76,Sea,25,Net30,5,0,0
EXP2356,2026-05-14,C228,Saudi Arabia,Cashew,301,11.43,5,3268.41,Sea,15,Net30,4,0,0
EXP2357,2026-05-14,C181,Singapore,Textiles,1181,15.38,5,17255.59,Sea,18,LC,1,1,0
EXP2358,2026-05-15,C039,Germany,Textiles,390,11.51,0,4488.9,Air,6,LC,5,0,0
EXP2359,2026-05-15,C037,Saudi Arabia,Seafood,235,14.56,5,3250.52,Air,4,Advance,5,0,0
EXP2360,2026-05-15,C235,USA,Tea,503,9.06,0,4557.18,Air,7,Advance,5,0,0
EXP2361,2026-05-16,C048,UAE,Tea,366,9.68,0,3542.88,Air,6,Net30,5,0,0
EXP2362,2026-05-16,C282,UAE,Spices,555,21.07,0,11693.85,Sea,16,LC,4,0,0
EXP2363,2026-05-16,C032,UAE,Seafood,177,15.59,0,2759.43,Air,4,Net30,4,0,0
EXP2364,2026-05-17,C219,USA,Textiles,492,13.47,5,6295.88,Sea,31,LC,3,1,0
EXP2365,2026-05-17,C293,UK,Tea,779,8.06,5,5964.8,Air,5,Net30,4,0,0
EXP2366,2026-05-17,C133,USA,Spices,199,18.71,0,3723.29,Sea,34,Net30,4,0,0
EXP2367,2026-05-19,C018,Germany,Cashew,152,10.61,5,1532.08,Sea,27,Net30,2,1,0
EXP2368,2026-05-19,C264,UK,Cashew,383,10.64,0,4075.12,Sea,26,LC,3,0,0
EXP2369,2026-05-20,C057,Saudi Arabia,Textiles,275,13.84,0,3806.0,Air,8,Net60,4,0,0
EXP2370,2026-05-20,C159,Saudi Arabia,Spices,127,19.19,0,2437.13,Sea,8,LC,3,0,0
EXP2371,2026-05-21,C296,USA,Seafood,47,14.92,0,701.24,Air,8,Net30,3,0,0
EXP2372,2026-05-22,C224,USA,Cashew,84,9.98,0,838.32,Sea,27,LC,4,0,0
EXP2373,2026-05-23,C014,Germany,Textiles,134,14.73,5,1875.13,Sea,24,Advance,4,0,0
EXP2374,2026-05-24,C247,Germany,Textiles,1267,8.92,10,10171.48,Sea,30,Net30,4,0,0
EXP2375,2026-05-24,C049,USA,Seafood,55,14.84,5,775.39,Air,7,LC,3,0,0
EXP2376,2026-05-25,C225,USA,Rubber Goods,316,6.89,5,2068.38,Sea,36,LC,5,0,0
EXP2377,2026-05-25,C187,Saudi Arabia,Textiles,497,16.02,10,7165.75,Sea,13,LC,3,0,0
EXP2378,2026-05-25,C087,Germany,Coir Products,1005,5.68,5,5422.98,Air,11,Advance,4,0,0
EXP2379,2026-05-25,C128,UAE,Tea,665,8.39,0,5579.35,Sea,18,Net60,3,0,0
EXP2380,2026-05-26,C036,UK,Cashew,215,10.94,0,2352.1,Sea,23,Net30,5,0,0
EXP2381,2026-05-26,C297,Australia,Textiles,559,13.0,10,6540.3,Sea,29,Advance,,0,0
EXP2382,2026-05-26,C072,UAE,Spices,244,17.13,0,4179.72,Sea,16,Net30,4,0,0
EXP2383,2026-05-26,C093,Singapore,Spices,270,18.21,5,4670.86,Sea,18,Net30,4,0,0
EXP2384,2026-05-27,C151,UAE,Seafood,243,15.19,0,3691.17,Air,3,Net30,4,0,0
EXP2385,2026-05-27,C202,UK,Seafood,281,15.18,5,4052.3,Air,6,Net30,3,0,0
EXP2386,2026-05-27,C152,UK,Rubber Goods,433,7.03,5,2891.79,Air,8,Advance,4,0,0
EXP2387,2026-05-28,C152,UAE,Coir Products,1346,5.17,10,6262.94,Sea,21,Advance,4,0,0
EXP2388,2026-05-28,C175,Australia,Cashew,911,11.08,5,9589.19,Sea,27,Net30,3,1,0
EXP2389,2026-05-29,C258,UK,Seafood,178,16.59,0,2953.02,Air,6,Net30,5,0,0
EXP2390,2026-05-29,C119,Netherlands,Tea,1345,7.46,10,9030.33,Sea,24,Net30,4,0,0
EXP2391,2026-05-30,C250,USA,Spices,192,19.64,0,3770.88,Sea,34,Advance,3,0,0
EXP2392,2026-05-30,C237,Australia,Rubber Goods,659,8.73,0,5753.07,Sea,30,Net30,4,0,0
EXP2393,2026-05-31,C289,Australia,Spices,245,20.11,5,4680.6,Air,8,LC,3,0,0
EXP2394,2026-05-31,C274,Germany,Textiles,552,14.5,5,7603.8,Sea,20,Net30,,0,0
EXP2395,2026-06-01,C240,UAE,Textiles,949,15.07,0,14301.43,Air,3,LC,,0,0
EXP2396,2026-06-02,C075,Saudi Arabia,Textiles,474,17.67,5,7956.8,Sea,18,Net30,4,0,0
EXP2397,2026-06-02,C233,Germany,Tea,206,8.67,0,1786.02,Sea,26,Net60,3,0,0
EXP2398,2026-06-02,C221,Netherlands,Cashew,244,9.62,5,2229.92,Sea,28,LC,5,0,0
EXP2399,2026-06-03,C087,UK,Spices,237,14.69,0,3481.53,Air,7,Net30,4,0,0
EXP2400,2026-06-03,C204,USA,Seafood,247,19.37,0,4784.39,Air,7,Net30,5,0,0
EXP2401,2026-06-03,C076,UAE,Spices,162,21.82,0,3534.84,Air,6,LC,4,0,0
EXP2402,2026-06-04,C157,Saudi Arabia,Textiles,347,12.45,5,4104.14,Sea,17,LC,4,0,0
EXP2403,2026-06-04,C240,Netherlands,Cashew,404,10.04,0,4056.16,Air,7,Net30,,0,0
EXP2404,2026-06-05,C057,UAE,Spices,309,17.3,0,5345.7,Air,6,LC,4,0,0
EXP2405,2026-06-05,C102,Saudi Arabia,Tea,729,10.32,5,7147.12,Sea,17,Advance,5,0,0
EXP2406,2026-06-07,C239,Australia,Cashew,242,9.3,0,2250.6,Sea,28,Net60,5,0,0
EXP2407,2026-06-08,C137,UAE,Spices,356,13.75,5,4650.25,Sea,18,Net30,3,0,0
EXP2408,2026-06-08,C289,UAE,Spices,245,22.68,0,5556.6,Air,6,Net30,5,0,0
EXP2409,2026-06-08,C003,Saudi Arabia,Coir Products,530,6.22,5,3131.77,Air,6,Net30,5,0,0
EXP2410,2026-06-08,C217,Germany,Rubber Goods,584,8.44,0,4928.96,Sea,27,LC,4,0,0
EXP2411,2026-06-08,C245,UAE,Textiles,543,13.66,0,7417.38,Sea,17,Net30,5,0,0
EXP2412,2026-06-08,C276,Singapore,Tea,191,9.5,5,1723.78,Air,6,Advance,5,0,0
EXP2413,2026-06-10,C048,UK,Rubber Goods,283,6.55,0,1853.65,Air,4,,5,0,0
EXP2414,2026-06-10,C296,Australia,Coir Products,1025,5.39,5,5248.51,Sea,28,Net30,3,1,0
EXP2415,2026-06-10,C118,Australia,Coir Products,562,6.08,10,3075.26,Air,7,Net60,,0,0
EXP2416,2026-06-10,C106,Singapore,Coir Products,796,4.36,5,3297.03,Sea,17,LC,5,0,0
EXP2417,2026-06-11,C107,UK,Tea,630,8.67,5,5189.0,Sea,24,Net60,5,0,0
EXP2418,2026-06-11,C192,USA,Tea,419,8.61,10,3246.83,Sea,32,Net30,1,1,0
EXP2419,2026-06-11,C198,UK,Textiles,720,13.49,10,8741.52,Sea,24,LC,4,1,1
EXP2420,2026-06-11,C143,UAE,Spices,272,16.81,5,4343.7,Sea,17,LC,4,0,0
EXP2421,2026-06-11,C022,Germany,Textiles,560,12.33,0,6904.8,Sea,29,Advance,2,1,0
EXP2422,2026-06-12,C296,UAE,Spices,496,14.06,5,6625.07,Sea,18,Net30,5,0,0
EXP2423,2026-06-12,C067,UK,Tea,392,9.16,0,3590.72,Sea,28,Advance,5,0,0
EXP2424,2026-06-12,C029,UAE,Spices,386,17.35,0,6697.1,Sea,23,LC,3,1,1
EXP2425,2026-06-13,C180,USA,Textiles,202,11.69,0,2361.38,Air,5,Advance,3,0,0
EXP2426,2026-06-13,C124,USA,Cashew,389,11.08,5,4094.61,Air,8,Net60,,0,0
EXP2427,2026-06-14,C185,Germany,Tea,943,8.68,0,8185.24,Sea,28,LC,2,1,1
EXP2428,2026-06-14,C263,Singapore,Spices,839,17.0,0,14263.0,Air,4,LC,5,0,0
EXP2429,2026-06-14,C030,UAE,Tea,174,6.67,0,1160.58,Sea,18,LC,3,0,0
EXP2430,2026-06-14,C086,Singapore,Cashew,280,11.9,5,3165.4,Sea,22,Advance,4,0,0
EXP2431,2026-06-15,C155,Australia,Tea,233,7.67,5,1697.75,Sea,23,LC,4,0,0
EXP2432,2026-06-15,C237,USA,Cashew,321,11.08,5,3378.85,Sea,35,Net30,5,0,0
EXP2433,2026-06-15,C181,Germany,Tea,703,8.13,0,5715.39,Air,6,Net30,4,1,0
EXP2434,2026-06-16,C115,UK,Spices,506,17.16,5,8248.81,Sea,26,LC,4,0,0
EXP2435,2026-06-17,C184,UAE,Cashew,686,12.52,0,8588.72,Sea,18,Net30,5,0,0
EXP2436,2026-06-17,C294,UK,Coir Products,261,6.38,0,1665.18,Sea,,Advance,2,1,0
EXP2437,2026-06-18,C145,UAE,Spices,268,20.44,5,5204.02,Sea,16,Net30,3,0,0
EXP2438,2026-06-18,C266,Australia,Rubber Goods,419,8.32,10,3137.47,Sea,30,Advance,4,0,0
EXP2439,2026-06-18,C234,Australia,Spices,232,18.86,0,4375.52,Sea,30,Net60,3,1,0
EXP2440,2026-06-18,C091,Singapore,Tea,326,7.08,0,2308.08,Sea,20,Net60,5,0,0
EXP2441,2026-06-19,C075,Germany,Tea,169,8.66,0,1463.54,Air,8,Net30,5,0,0
EXP2442,2026-06-20,C232,Germany,Coir Products,1356,5.84,15,6731.18,Sea,29,Advance,3,1,0
EXP2443,2026-06-20,C063,Netherlands,Cashew,217,12.62,5,2601.61,Sea,28,LC,3,1,0
EXP2444,2026-06-20,C102,USA,Spices,182,16.91,0,3077.62,Sea,27,Net30,5,0,0
EXP2445,2026-06-20,C071,UAE,Rubber Goods,1324,8.25,10,9830.7,Sea,18,LC,5,0,0
EXP2446,2026-06-21,C182,Germany,Textiles,178,14.38,0,2559.64,Sea,32,LC,3,1,0
EXP2447,2026-06-21,C089,USA,Rubber Goods,781,9.11,0,7114.91,Sea,30,LC,4,0,0
EXP2448,2026-06-21,C198,USA,Cashew,607,10.82,0,6567.74,Air,9,Advance,4,0,0
EXP2449,2026-06-21,C281,UAE,Rubber Goods,1267,8.79,10,10023.24,Sea,13,LC,3,1,0
EXP2450,2026-06-22,C249,Germany,Textiles,644,11.14,0,7174.16,Air,7,Advance,4,0,0
EXP2451,2026-06-22,C285,USA,Tea,651,7.26,0,4726.26,Sea,28,Net30,4,0,0
EXP2452,2026-06-22,C008,UAE,Coir Products,1213,4.36,5,5024.25,Sea,20,LC,4,0,0
EXP2453,2026-06-22,C137,UAE,Textiles,486,15.32,5,7073.24,Sea,21,Advance,3,0,0
EXP2454,2026-06-22,C067,USA,Coir Products,396,6.49,0,2570.04,Sea,30,Advance,4,1,0
EXP2455,2026-06-22,C276,Australia,Cashew,788,12.18,5,9117.95,Sea,32,Net60,3,1,0
EXP2456,2026-06-22,C214,USA,Spices,367,16.54,5,5766.67,Sea,35,Net30,4,1,1
EXP2457,2026-06-23,C097,Saudi Arabia,Seafood,223,14.92,5,3160.8,Air,8,Net30,4,0,0
EXP2458,2026-06-23,C170,Saudi Arabia,Spices,105,17.74,0,1862.7,Sea,17,Net30,4,0,0
EXP2459,2026-06-23,C182,USA,Rubber Goods,111,9.39,0,1042.29,Sea,32,Net30,2,1,0
EXP2460,2026-06-23,C149,Singapore,Spices,331,21.66,0,7169.46,Air,4,LC,4,0,0
EXP2461,2026-06-24,C143,Saudi Arabia,Spices,45,19.71,5,842.6,Air,7,Net30,5,0,0
EXP2462,2026-06-24,C017,Germany,Cashew,355,11.44,0,4061.2,Sea,32,LC,4,0,0
EXP2463,2026-06-24,C136,UAE,Cashew,224,12.76,0,2858.24,Sea,14,Net30,3,0,0
EXP2464,2026-06-24,C105,UAE,Cashew,260,10.66,0,2771.6,Sea,19,Advance,4,0,0
EXP2465,2026-06-24,C246,Netherlands,Rubber Goods,1209,7.62,10,8291.32,Air,7,Net60,4,0,0
EXP2466,2026-06-25,C260,Singapore,Tea,281,8.86,5,2365.18,Sea,18,LC,5,0,0
EXP2467,2026-06-25,C226,Australia,Seafood,228,14.12,0,3219.36,Air,7,Advance,3,0,0
EXP2468,2026-06-26,C010,Australia,Tea,282,8.81,0,2484.42,Air,9,Net30,4,0,0
EXP2469,2026-06-26,C253,UAE,Coir Products,837,5.2,5,4134.78,Sea,18,Advance,3,1,0
EXP2470,2026-06-26,C119,Singapore,Coir Products,769,6.74,10,4664.75,Sea,20,LC,4,0,0
EXP2471,2026-06-27,C125,UK,Spices,266,19.17,0,5099.22,Air,6,Net60,4,0,0
EXP2472,2026-06-27,C284,Singapore,Textiles,912,16.4,0,14956.8,Air,4,Net30,4,0,0
EXP2473,2026-06-27,C261,UAE,Cashew,119,,0,1053.15,Sea,13,Net30,4,0,0
EXP2474,2026-06-27,C016,USA,Spices,72,22.11,0,1591.92,Sea,35,LC,5,0,0
EXP2475,2026-06-27,C108,Saudi Arabia,Rubber Goods,278,6.49,0,1804.22,Sea,17,LC,5,0,0
EXP2476,2026-06-28,C225,Singapore,Coir Products,772,5.14,10,3571.27,Sea,21,Advance,3,0,0
EXP2477,2026-06-28,C162,Germany,Spices,344,16.66,0,5731.04,Sea,24,Net30,3,1,0
EXP2478,2026-06-28,C078,USA,Textiles,47,16.2,5,723.33,Sea,31,Net30,1,1,0
EXP2479,2026-06-29,C158,USA,Spices,342,,0,6323.58,Sea,27,Advance,4,0,0
EXP2480,2026-06-30,C260,Netherlands,Spices,647,17.47,0,11303.09,Air,9,Advance,3,1,0
EXP2481,2026-06-30,C067,UK,Textiles,427,12.67,0,5410.09,Air,7,Advance,5,0,0
EXP2482,2026-06-30,C224,UK,Spices,599,15.03,10,8102.67,Air,6,LC,3,0,0
EXP2483,2026-07-01,C221,Germany,Spices,328,20.45,0,6707.6,Sea,25,Advance,3,0,0
EXP2484,2026-07-01,C266,UK,Cashew,748,12.05,0,9013.4,Sea,17,LC,4,0,0
EXP2485,2026-07-02,C090,Germany,Spices,503,20.92,10,9470.48,Sea,23,LC,3,0,0
EXP2486,2026-07-02,C065,UK,Cashew,284,11.52,0,3271.68,Sea,26,LC,3,1,0
EXP2487,2026-07-03,C165,Singapore,Cashew,564,7.51,0,4235.64,Sea,19,Advance,5,0,0
EXP2488,2026-07-03,C160,Australia,Spices,213,15.31,0,3261.03,Air,8,LC,3,0,0
EXP2489,2026-07-03,C123,Australia,Coir Products,1709,6.33,5,10277.07,Sea,30,Net30,3,1,0
EXP2489,2026-07-03,C123,Australia,Coir Products,1709,6.33,5,10277.07,Sea,30,Net30,3,1,0
EXP2490,2026-07-04,C234,Germany,Spices,225,17.2,0,3870.0,Sea,23,LC,3,0,0
EXP2491,2026-07-04,C240,UK,Textiles,708,13.06,5,8784.16,Sea,26,LC,5,0,0
EXP2492,2026-07-05,C074,Saudi Arabia,Spices,707,15.62,5,10491.17,Air,5,LC,4,0,0
EXP2493,2026-07-06,C239,Singapore,Rubber Goods,847,8.91,0,7546.77,Sea,17,Advance,,1,0
EXP2494,2026-07-07,C070,Germany,Spices,199,18.99,0,3779.01,Sea,26,LC,3,0,0
EXP2495,2026-07-07,C123,Saudi Arabia,Textiles,219,14.84,0,3249.96,Sea,25,LC,4,0,0
EXP2496,2026-07-08,C009,Saudi Arabia,Spices,89,16.63,5,1406.07,Air,5,LC,5,0,0
EXP2497,2026-07-08,C103,Saudi Arabia,Spices,341,18.38,5,5954.2,Sea,18,Net30,2,1,0
EXP2498,2026-07-08,C288,Saudi Arabia,Coir Products,668,5.04,0,3366.72,Sea,19,Net30,4,0,0
EXP2499,2026-07-09,C133,UAE,Textiles,241,13.78,0,3320.98,Sea,13,LC,4,0,0
EXP2500,2026-07-09,C214,UK,Rubber Goods,928,5.57,5,4910.51,Sea,19,LC,5,0,0
EXP2501,2026-07-09,C033,Germany,Spices,394,14.61,0,5756.34,Sea,24,Net60,3,0,0
EXP2502,2026-07-10,C191,UAE,Spices,247,17.3,0,4273.1,Air,4,LC,5,0,0
EXP2503,2026-07-10,C112,Singapore,Tea,958,11.57,5,10529.86,Sea,17,Net60,3,1,0
EXP2504,2026-07-11,C224,Germany,Tea,129,7.06,5,865.2,Sea,25,Net30,4,0,0
EXP2505,2026-07-11,C279,UAE,Seafood,170,13.61,5,2198.02,Air,7,LC,4,0,0
EXP2506,2026-07-11,C160,Singapore,Seafood,301,16.42,0,4942.42,Air,4,Advance,4,0,0
EXP2507,2026-07-12,C031,Saudi Arabia,Seafood,108,19.4,5,1990.44,Air,5,Advance,4,0,0
EXP2508,2026-07-12,C143,Saudi Arabia,Spices,420,18.44,10,6970.32,Air,2,Net30,5,0,0
EXP2509,2026-07-12,C037,USA,Coir Products,1307,6.51,10,7657.71,Air,9,LC,5,0,1
EXP2510,2026-07-13,C135,Singapore,Cashew,45,10.55,5,451.01,Sea,19,Net30,4,0,0
EXP2511,2026-07-13,C019,UK,Tea,976,8.45,0,8247.2,Air,5,LC,5,0,1
EXP2511,2026-07-13,C019,UK,Tea,976,8.45,0,8247.2,Air,5,LC,5,0,1
EXP2512,2026-07-13,C193,Germany,Textiles,699,14.14,5,9389.67,Air,6,Net30,4,0,0
EXP2513,2026-07-14,C094,UAE,Tea,316,8.29,0,2619.64,Sea,15,Net30,4,0,0
EXP2514,2026-07-14,C061,Germany,Tea,159,9.78,5,1477.27,Sea,22,Advance,4,1,0
EXP2515,2026-07-15,C006,Saudi Arabia,Seafood,376,12.92,0,4857.92,Air,4,LC,4,0,0
EXP2516,2026-07-16,C267,Germany,Tea,194,9.96,0,1932.24,Air,6,LC,5,0,0
EXP2517,2026-07-16,C252,UK,Rubber Goods,814,8.04,10,5890.1,Sea,23,Net30,5,0,0
EXP2518,2026-07-16,C244,Singapore,Tea,199,8.77,0,1745.23,Air,8,Net30,4,0,0
EXP2518,2026-07-16,C244,Singapore,Tea,199,8.77,0,1745.23,Air,8,Net30,4,0,0
EXP2519,2026-07-17,C018,Saudi Arabia,Spices,262,14.45,0,3785.9,Sea,15,LC,4,0,0
EXP2520,2026-07-17,C105,USA,Tea,734,7.94,10,5245.16,Sea,25,,3,1,0
EXP2521,2026-07-17,C292,Netherlands,Spices,191,20.59,5,3736.06,Sea,22,LC,3,0,0
EXP2522,2026-07-18,C174,Saudi Arabia,Coir Products,1557,5.85,5,8653.03,Sea,19,Advance,4,0,0
EXP2523,2026-07-18,C039,Netherlands,Spices,366,18.6,0,6807.6,Sea,22,Net60,3,0,0
EXP2524,2026-07-18,C043,Netherlands,Textiles,262,12.52,0,3280.24,Sea,27,LC,4,0,0
EXP2525,2026-07-18,C079,Australia,Seafood,84,15.94,0,1338.96,Air,8,Net30,5,0,0
EXP2526,2026-07-18,C292,Saudi Arabia,Tea,260,7.52,0,1955.2,Air,,LC,5,0,0
EXP2527,2026-07-18,C051,Germany,Spices,255,18.22,0,4646.1,Sea,27,Net30,2,1,0
EXP2528,2026-07-19,C271,UAE,Coir Products,1639,6.27,15,8735.05,Sea,13,LC,4,0,0
EXP2529,2026-07-19,C204,Germany,Cashew,906,11.42,10,9311.87,Sea,29,LC,4,0,0
EXP2530,2026-07-19,C277,Saudi Arabia,Textiles,373,12.48,0,4655.04,Sea,15,Advance,5,0,0
EXP2531,2026-07-19,C248,UK,Spices,182,17.26,0,3141.32,Sea,23,Net30,2,1,0
EXP2532,2026-07-20,C100,Australia,Coir Products,1073,6.39,5,6513.65,Sea,26,LC,3,0,0
EXP2533,2026-07-20,C249,UAE,Coir Products,1068,5.85,15,5310.63,Sea,18,LC,3,1,1
EXP2534,2026-07-21,C051,USA,Tea,887,8.69,0,7708.03,Air,7,LC,5,0,0
EXP2535,2026-07-22,C088,UK,Spices,540,22.11,10,10745.46,Sea,16,LC,4,0,0
EXP2536,2026-07-22,C064,UK,Rubber Goods,348,7.09,0,2467.32,Sea,25,Net30,4,0,0
EXP2537,2026-07-22,C040,UAE,Spices,86,20.33,5,1660.96,Air,5,Net30,5,0,0
EXP2538,2026-07-22,C028,UAE,Spices,370,15.51,0,5738.7,Sea,15,Net30,,0,0
EXP2539,2026-07-22,C057,Singapore,Spices,298,19.41,5,5494.97,Sea,18,LC,4,0,0
EXP2540,2026-07-22,C037,UK,Textiles,110,15.19,0,1670.9,Sea,23,LC,4,0,0
EXP2541,2026-07-23,C115,UAE,Coir Products,227,5.63,5,1214.11,Sea,18,Advance,5,0,0
EXP2542,2026-07-23,C022,UAE,Tea,599,7.69,5,4375.99,Sea,18,LC,5,0,0
EXP2543,2026-07-23,C019,UK,Coir Products,644,4.58,5,2802.04,Air,5,Net60,4,0,0
EXP2544,2026-07-23,C297,UAE,Textiles,728,12.97,0,9442.16,Sea,14,LC,2,1,1
EXP2545,2026-07-24,C027,Saudi Arabia,Tea,208,9.57,5,1891.03,Air,4,Net60,5,0,0
EXP2546,2026-07-24,C023,Singapore,Seafood,316,13.93,0,4401.88,Air,6,Advance,5,0,0
EXP2547,2026-07-24,C010,USA,Tea,534,9.1,0,4859.4,Air,8,Net30,5,0,0
EXP2548,2026-07-24,C040,Germany,Spices,396,14.81,5,5571.52,Sea,30,,4,0,0
EXP2549,2026-07-24,C159,UAE,Rubber Goods,455,7.78,10,3185.91,Sea,11,Net30,4,0,0
EXP2550,2026-07-24,C249,USA,Cashew,225,9.49,5,2028.49,Sea,29,Net30,4,0,0
EXP2551,2026-07-24,C221,Australia,Tea,159,8.92,5,1347.37,Sea,26,Advance,5,0,0
EXP2552,2026-07-25,C175,Germany,Seafood,180,15.04,0,2707.2,Air,6,Net30,4,0,0
EXP2553,2026-07-25,C026,Australia,Coir Products,1276,5.14,5,6230.71,Sea,26,LC,3,0,0
EXP2554,2026-07-25,C233,USA,Tea,923,8.29,10,6886.5,Sea,29,LC,4,0,0
EXP2555,2026-07-26,C012,USA,Seafood,97,14.21,0,1378.37,Air,8,Advance,4,0,0
EXP2556,2026-07-26,C190,UK,Cashew,340,9.27,0,3151.8,Sea,,Advance,5,0,0
EXP2557,2026-07-26,C123,UK,Tea,1033,10.17,5,9980.33,Sea,25,Net60,3,0,0
EXP2558,2026-07-27,C265,Netherlands,Textiles,1334,13.39,5,16969.15,Sea,23,LC,4,0,0
EXP2559,2026-07-27,C093,UAE,Tea,351,6.62,0,2323.62,Sea,19,LC,4,0,0
EXP2560,2026-07-27,C192,Singapore,Spices,502,16.65,5,7940.38,Sea,19,Advance,4,1,0
EXP2561,2026-07-27,C132,Australia,Rubber Goods,1061,8.88,10,8479.51,Sea,31,Net30,3,1,0
EXP2562,2026-07-27,C157,Germany,Textiles,867,12.72,5,10476.83,Sea,25,Net30,5,0,0
EXP2563,2026-07-28,C282,USA,Textiles,152,16.52,0,2511.04,Sea,31,Net60,3,1,0
EXP2564,2026-07-28,C214,UK,Textiles,359,12.56,0,4509.04,Air,4,Net30,4,0,0
EXP2565,2026-07-28,C125,USA,Textiles,476,14.85,5,6715.17,Air,8,LC,5,0,0
EXP2566,2026-07-29,C135,Singapore,Tea,390,10.12,0,3946.8,Sea,18,Advance,2,1,0
EXP2567,2026-07-29,C212,UK,Rubber Goods,591,8.43,5,4733.02,Sea,24,LC,3,0,0
EXP2568,2026-07-29,C104,Australia,Textiles,1416,11.69,5,15725.39,Sea,27,Net30,4,1,0
EXP2569,2026-07-29,C051,Germany,Textiles,431,12.42,5,5085.37,Sea,24,Net60,4,0,0
EXP2570,2026-07-30,C141,UK,Coir Products,879,6.84,10,5411.12,Sea,25,Advance,4,1,0
EXP2571,2026-07-31,C021,Saudi Arabia,Tea,538,8.13,10,3936.55,Sea,19,LC,4,0,0
EXP2572,2026-08-02,C051,UK,Spices,255,20.11,0,5128.05,Sea,22,Net30,5,0,0
EXP2573,2026-08-02,C127,Australia,Tea,204,8.54,0,1742.16,Sea,28,Net30,3,1,0
EXP2574,2026-08-02,C239,UAE,Spices,276,18.31,0,5053.56,Sea,17,Net30,4,0,0
EXP2575,2026-08-03,C235,Netherlands,Textiles,109,11.67,5,1208.43,Sea,27,LC,4,0,0
EXP2576,2026-08-03,C079,Singapore,Seafood,291,14.83,0,4315.53,Air,6,LC,4,0,0
EXP2577,2026-08-03,C127,Australia,Tea,78,8.05,0,627.9,Air,,LC,4,0,0
EXP2578,2026-08-03,C047,UK,Tea,551,9.24,5,4836.68,Sea,20,LC,4,0,0
EXP2579,2026-08-03,C227,Singapore,Textiles,346,14.16,5,4654.39,Air,8,Net30,4,0,0
EXP2580,2026-08-03,C074,USA,Spices,134,19.0,0,2546.0,Air,7,Advance,4,0,0
EXP2581,2026-08-04,C240,Saudi Arabia,Rubber Goods,947,7.53,5,6774.36,Sea,16,LC,3,0,0
EXP2582,2026-08-04,C253,UAE,Tea,333,8.0,0,2664.0,Sea,12,Net60,4,0,1
EXP2583,2026-08-04,C207,USA,Spices,267,18.39,0,4910.13,Air,6,LC,5,0,0
EXP2584,2026-08-04,C100,UK,Spices,78,15.78,0,1230.84,Sea,21,Advance,5,0,0
EXP2585,2026-08-05,C286,USA,Rubber Goods,1346,9.04,10,10951.06,Sea,32,Net60,3,1,0
EXP2586,2026-08-05,C206,USA,Tea,473,8.88,0,4200.24,Sea,31,Advance,5,0,0
EXP2587,2026-08-05,C194,Singapore,Textiles,566,13.45,5,7232.06,Sea,18,Net30,5,0,0
EXP2588,2026-08-06,C257,USA,Spices,511,19.0,0,9709.0,Sea,29,Advance,4,0,0
EXP2589,2026-08-07,C265,Saudi Arabia,Spices,353,17.84,0,6297.52,Air,6,Net60,3,0,0
EXP2590,2026-08-07,C024,UAE,Seafood,25,12.82,5,304.47,Air,,Advance,5,0,0
EXP2591,2026-08-07,C265,Saudi Arabia,Spices,609,15.71,0,9567.39,Sea,15,LC,4,0,0
EXP2592,2026-08-08,C230,Singapore,Spices,210,20.28,0,4258.8,Sea,19,Net60,3,0,0
EXP2593,2026-08-08,C062,UK,Coir Products,1571,,10,8568.23,Sea,26,Net30,2,1,0
EXP2594,2026-08-08,C093,Saudi Arabia,Seafood,171,12.77,0,2183.67,Air,3,LC,5,0,0
EXP2595,2026-08-08,C226,Australia,Tea,294,9.38,0,2757.72,Sea,32,Advance,5,0,0
EXP2596,2026-08-09,C065,Singapore,Spices,339,16.79,5,5407.22,Sea,16,Advance,,0,0
EXP2597,2026-08-09,C136,USA,Rubber Goods,1839,7.16,5,12508.88,Sea,28,LC,2,1,1
EXP2598,2026-08-09,C207,UK,Textiles,1004,12.08,5,11521.9,Air,7,LC,4,0,0
EXP2599,2026-08-09,C196,Saudi Arabia,Seafood,301,17.92,0,5393.92,Air,4,LC,5,0,0
EXP2600,2026-08-10,C273,USA,Cashew,448,8.41,5,3579.3,Sea,29,Net60,3,1,0
EXP2601,2026-08-10,C034,Singapore,Textiles,549,12.59,10,6220.72,Sea,24,Net30,4,0,0
EXP2602,2026-08-11,C089,USA,Tea,957,9.13,5,8300.54,Sea,32,Net60,3,1,0
EXP2603,2026-08-11,C296,Singapore,Tea,686,,5,6973.19,Air,5,LC,4,0,0
EXP2604,2026-08-11,C171,UAE,Cashew,125,11.73,5,1392.94,Air,5,LC,5,0,0
EXP2605,2026-08-11,C075,UAE,Cashew,180,9.88,0,1778.4,Sea,20,Net30,3,1,0
EXP2606,2026-08-11,C087,Netherlands,Rubber Goods,861,9.47,5,7745.99,Air,5,LC,4,0,0
EXP2607,2026-08-11,C102,Australia,Textiles,238,11.72,0,2789.36,Sea,28,Advance,5,0,0
EXP2608,2026-08-13,C167,Australia,Tea,471,9.29,10,3938.03,Sea,30,Net30,4,0,0
EXP2609,2026-08-13,C086,Netherlands,Coir Products,1151,6.35,5,6943.41,Sea,29,Net30,3,1,0
EXP2610,2026-08-14,C187,UK,Textiles,682,12.52,10,7684.78,Sea,26,LC,5,0,0
EXP2611,2026-08-14,C134,USA,Coir Products,282,6.5,0,1833.0,Sea,33,LC,5,0,0
EXP2612,2026-08-14,C184,UAE,Cashew,187,10.32,0,1929.84,Sea,17,Advance,,0,0
EXP2613,2026-08-14,C047,UK,Textiles,695,15.17,10,9488.83,Air,8,Net30,5,0,0
EXP2614,2026-08-14,C188,USA,Spices,739,14.03,0,10368.17,Air,8,LC,3,1,0
EXP2615,2026-08-17,C278,Australia,Textiles,495,14.56,5,6846.84,Sea,33,Net60,3,0,0
EXP2616,2026-08-17,C041,UAE,Textiles,880,13.31,10,10541.52,Sea,12,LC,4,0,0
EXP2617,2026-08-18,C099,UAE,Seafood,285,18.21,0,5189.85,Air,4,LC,3,1,0
EXP2618,2026-08-18,C209,USA,Coir Products,459,5.97,10,2466.21,Sea,26,Net30,3,1,0
EXP2619,2026-08-20,C186,UAE,Textiles,886,16.1,5,13551.37,Air,5,Net60,2,0,0
EXP2620,2026-08-20,C203,USA,Coir Products,203,6.37,5,1228.45,Sea,28,Net30,5,0,0
EXP2621,2026-08-20,C168,Germany,Coir Products,1133,5.91,5,6361.23,Sea,26,LC,4,0,0
EXP2622,2026-08-20,C205,USA,Spices,355,19.7,5,6643.82,Air,7,LC,5,0,0
EXP2623,2026-08-20,C183,Germany,Seafood,152,17.52,0,2663.04,Air,6,Net30,5,0,0
EXP2624,2026-08-21,C023,Australia,Seafood,105,16.91,0,1775.55,Air,9,Net30,4,0,0
EXP2625,2026-08-22,C226,Germany,Textiles,388,10.15,5,3741.29,Sea,30,Net60,3,1,0
EXP2626,2026-08-22,C135,Saudi Arabia,Textiles,326,12.35,5,3824.79,Air,6,LC,4,0,0
EXP2627,2026-08-23,C016,USA,Spices,223,20.99,0,4680.77,Air,6,Net30,5,0,0
EXP2628,2026-08-23,C123,UAE,Textiles,414,11.89,5,4676.34,Sea,19,LC,3,1,0
EXP2629,2026-08-23,C131,USA,Coir Products,488,6.64,5,3078.3,Sea,30,Advance,4,0,0
EXP2630,2026-08-24,C027,Netherlands,Cashew,98,,0,1169.14,Sea,26,LC,2,1,0
EXP2631,2026-08-24,C299,Germany,Spices,114,16.43,0,1873.02,Sea,29,Advance,5,0,0
EXP2632,2026-08-24,C067,USA,Cashew,645,8.37,5,5128.72,Sea,28,LC,,0,0
EXP2633,2026-08-26,C100,UK,Tea,311,8.39,5,2478.83,Sea,22,LC,3,1,0
EXP2634,2026-08-26,C133,Singapore,Textiles,451,17.49,5,7493.59,Sea,16,Net30,4,0,1
EXP2635,2026-08-26,C250,Saudi Arabia,Textiles,400,12.55,0,5020.0,Sea,16,Net30,5,0,0
EXP2636,2026-08-26,C223,Germany,Tea,969,8.14,5,7493.28,Sea,30,Advance,4,0,0
EXP2637,2026-08-26,C232,Australia,Coir Products,428,5.28,0,2259.84,Sea,23,Net30,3,1,0
EXP2638,2026-08-27,C072,Saudi Arabia,Seafood,127,18.33,0,2327.91,Air,3,Advance,,0,0
EXP2639,2026-08-27,C254,Germany,Textiles,719,13.59,5,9282.65,Sea,22,Advance,4,1,0
EXP2640,2026-08-27,C249,UAE,Spices,296,16.65,0,4928.4,Sea,20,Net60,5,1,0
EXP2641,2026-08-27,C140,UAE,Coir Products,975,7.02,5,6502.28,Sea,14,Advance,3,1,0
EXP2642,2026-08-28,C164,Netherlands,Tea,587,9.63,5,5370.17,Sea,25,LC,4,0,0
EXP2643,2026-08-28,C012,Germany,Textiles,899,12.46,10,10081.39,Sea,21,Net30,2,1,0
EXP2644,2026-08-28,C229,UK,Textiles,207,11.94,0,2471.58,Sea,23,LC,2,1,0
EXP2645,2026-08-29,C289,Germany,Spices,340,20.5,0,6970.0,Sea,29,LC,4,0,0
EXP2646,2026-08-29,C142,UAE,Textiles,307,14.03,5,4091.85,Sea,17,Net30,2,0,0
EXP2647,2026-08-30,C163,Singapore,Cashew,75,8.96,5,638.4,Sea,18,Net30,4,0,0
EXP2648,2026-08-30,C150,UAE,Cashew,468,8.65,5,3845.79,Sea,11,,5,0,0
EXP2649,2026-08-31,C025,Singapore,Spices,339,15.59,0,5285.01,Sea,17,Net60,4,0,0
EXP2650,2026-08-31,C186,UK,Tea,435,,5,3165.5,Sea,24,Advance,4,0,0
EXP2651,2026-08-31,C217,USA,Coir Products,1211,4.53,15,4662.96,Sea,27,LC,,1,0
EXP2652,2026-09-01,C279,UAE,Spices,154,15.63,0,2407.02,Air,,Advance,5,0,0
EXP2653,2026-09-01,C279,Singapore,Coir Products,1026,5.34,15,4657.01,Sea,21,Advance,,0,0
EXP2654,2026-09-02,C148,UAE,Spices,238,17.0,0,4046.0,Air,4,Net60,4,0,0
EXP2655,2026-09-02,C288,UAE,Spices,250,21.66,5,5144.25,Sea,18,Net30,,1,0
EXP2656,2026-09-02,C159,Saudi Arabia,Textiles,128,13.55,0,1734.4,Air,3,Advance,4,0,0
EXP2657,2026-09-03,C193,USA,Tea,761,8.82,5,6376.42,Air,7,LC,5,0,0
EXP2658,2026-09-03,C181,USA,Cashew,442,11.67,0,5158.14,Sea,36,Advance,4,0,0
EXP2659,2026-09-03,C300,USA,Spices,376,17.49,0,6576.24,Sea,27,Net30,4,0,0
EXP2660,2026-09-04,C222,Singapore,Textiles,280,14.67,0,4107.6,Sea,20,LC,5,0,1
EXP2661,2026-09-04,C037,USA,Tea,515,9.3,5,4550.02,Sea,34,Net60,4,0,0
EXP2662,2026-09-04,C022,UAE,Cashew,317,11.16,0,3537.72,Sea,13,Advance,5,0,0
EXP2663,2026-09-05,C123,USA,Cashew,455,14.65,10,5999.18,Air,6,LC,4,0,0
EXP2664,2026-09-05,C155,UAE,Tea,501,9.98,10,4499.98,Sea,14,Net60,3,0,0
EXP2665,2026-09-05,C201,USA,Textiles,1291,12.18,15,13365.72,Air,10,Net60,5,0,0
EXP2666,2026-09-05,C145,UAE,Tea,892,9.4,5,7965.56,Air,4,LC,5,0,0
EXP2667,2026-09-06,C155,UAE,Textiles,443,12.67,10,5051.53,Air,3,LC,5,0,0
EXP2668,2026-09-06,C277,UK,Spices,350,18.96,0,6636.0,Sea,27,Net60,4,0,0
EXP2669,2026-09-06,C101,Australia,Coir Products,560,5.01,0,2805.6,Sea,22,Net30,4,0,0
EXP2670,2026-09-06,C149,UAE,Spices,447,,5,6628.79,Air,4,Net30,4,0,0
EXP2671,2026-09-06,C168,UAE,Seafood,203,16.66,0,3381.98,Air,4,Net30,4,0,0
EXP2672,2026-09-07,C141,Australia,Coir Products,512,6.72,0,3440.64,Sea,30,Net60,3,1,0
EXP2673,2026-09-07,C291,Australia,Textiles,613,14.84,0,9096.92,Sea,25,LC,5,0,0
EXP2674,2026-09-07,C289,Saudi Arabia,Tea,853,9.92,10,7615.58,Sea,19,Advance,4,0,0
EXP2675,2026-09-08,C154,USA,Tea,778,9.4,5,6947.54,Air,6,LC,5,0,0
EXP2676,2026-09-08,C136,UK,Spices,199,18.37,0,3655.63,Sea,24,Net30,3,0,0
EXP2677,2026-09-08,C177,UAE,Seafood,511,15.03,5,7296.31,Air,4,LC,4,0,0
EXP2678,2026-09-09,C055,UAE,Cashew,194,12.07,5,2224.5,Sea,19,LC,3,0,0
EXP2679,2026-09-09,C128,USA,Spices,177,20.21,0,3577.17,Sea,35,Net30,3,1,0
EXP2680,2026-09-10,C066,Germany,Cashew,582,10.92,5,6037.67,Sea,23,LC,5,0,0
EXP2681,2026-09-10,C044,USA,Coir Products,152,5.92,0,899.84,Sea,30,Net60,3,1,0
EXP2682,2026-09-10,C029,Germany,Spices,268,21.44,5,5458.62,Sea,29,LC,5,0,0
EXP2683,2026-09-10,C177,USA,Coir Products,589,5.99,10,3175.3,Sea,30,Net30,3,1,0
EXP2684,2026-09-10,C001,USA,Spices,634,18.16,10,10362.1,Sea,25,Net30,3,0,0
EXP2685,2026-09-10,C194,Singapore,Spices,128,19.05,5,2316.48,Sea,19,Advance,5,0,0
EXP2686,2026-09-11,C130,Australia,Textiles,277,13.84,0,3833.68,Sea,25,LC,4,0,0
EXP2687,2026-09-11,C110,USA,Tea,1138,8.11,10,8306.26,Air,8,Advance,4,0,0
EXP2688,2026-09-11,C231,Germany,Seafood,185,16.73,5,2940.3,Air,7,Net30,4,0,0
EXP2689,2026-09-12,C162,USA,Textiles,1002,13.93,10,12562.07,Air,9,Net30,4,0,0
EXP2690,2026-09-12,C221,UAE,Seafood,167,19.54,0,3263.18,Air,5,Advance,4,0,0
EXP2691,2026-09-13,C213,Saudi Arabia,Textiles,345,15.32,0,5285.4,Sea,18,LC,3,1,0
EXP2692,2026-09-13,C010,UAE,Seafood,429,14.86,10,5737.45,Air,4,Net60,5,0,0
EXP2693,2026-09-13,C065,UK,Tea,1292,9.79,5,12016.25,Air,7,LC,5,0,0
EXP2694,2026-09-13,C171,UK,Textiles,1074,,15,13255.31,Sea,25,Net60,4,1,0
EXP2695,2026-09-13,C293,UAE,Coir Products,513,6.94,5,3382.21,Sea,17,Advance,4,0,0
EXP2696,2026-09-13,C047,UAE,Seafood,217,14.99,5,3090.19,Air,5,Advance,4,0,0
EXP2697,2026-09-14,C032,USA,Spices,142,18.41,0,2614.22,Sea,28,LC,4,0,0
EXP2698,2026-09-14,C283,Netherlands,Textiles,319,13.83,0,4411.77,Air,7,Advance,4,0,0
EXP2699,2026-09-14,C291,Germany,Cashew,205,11.08,5,2157.83,Air,6,Net60,5,0,0
EXP2700,2026-09-14,C051,USA,Tea,339,8.04,5,2589.28,Air,5,Net30,4,0,0
EXP2701,2026-09-14,C121,UAE,Seafood,239,17.11,0,4089.29,Air,4,Net30,4,0,0
EXP2702,2026-09-14,C188,Germany,Tea,446,9.45,5,4003.96,Sea,,Net30,2,1,0
EXP2703,2026-09-15,C059,UAE,Spices,401,20.78,5,7916.14,Air,5,Net30,5,0,0
EXP2704,2026-09-15,C098,Germany,Textiles,591,13.98,10,7435.96,Sea,24,Net30,,1,0
EXP2705,2026-09-15,C119,Saudi Arabia,Coir Products,1013,5.7,5,5485.4,Sea,10,Net30,5,0,0
EXP2706,2026-09-15,C193,UK,Spices,414,19.7,5,7748.01,Sea,22,Net30,4,0,1
EXP2707,2026-09-16,C093,USA,Spices,194,16.28,0,3158.32,Sea,26,Net30,2,1,0
EXP2708,2026-09-16,C124,UAE,Spices,241,20.34,0,4901.94,Sea,14,LC,5,0,1
EXP2709,2026-09-16,C087,UAE,Cashew,1626,12.43,5,19200.62,Air,4,LC,4,0,0
EXP2710,2026-09-16,C228,UK,Seafood,153,18.41,5,2675.89,Air,7,LC,3,0,0
EXP2711,2026-09-17,C046,Australia,Textiles,784,14.63,5,10896.42,Sea,34,LC,3,0,0
EXP2712,2026-09-17,C070,USA,Spices,109,16.95,0,1847.55,Sea,31,LC,5,0,0
EXP2713,2026-09-17,C075,Germany,Coir Products,1124,6.08,5,6492.22,Sea,32,LC,3,1,0
EXP2714,2026-09-17,C272,Saudi Arabia,Seafood,137,16.73,5,2177.41,Air,5,Advance,4,0,0
EXP2715,2026-09-18,C284,UAE,Cashew,364,10.26,0,3734.64,Sea,19,Net30,2,1,0
EXP2716,2026-09-18,C151,UAE,Tea,160,10.44,0,1670.4,Sea,15,Net30,5,0,0
EXP2717,2026-09-19,C047,USA,Spices,257,19.25,0,4947.25,Sea,27,LC,4,1,0
EXP2718,2026-09-19,C227,Saudi Arabia,Seafood,216,14.29,0,3086.64,Air,6,Net60,4,0,0
EXP2719,2026-09-19,C148,UK,Seafood,196,19.62,5,3653.24,Air,7,Net60,5,0,0
EXP2720,2026-09-19,C255,Saudi Arabia,Spices,343,18.21,0,6246.03,Sea,15,Net60,4,1,0
EXP2721,2026-09-20,C108,Australia,Seafood,408,13.9,5,5387.64,Air,5,Advance,5,0,0
EXP2722,2026-09-20,C300,Saudi Arabia,Spices,138,16.21,5,2125.13,Sea,18,LC,3,0,0
EXP2723,2026-09-21,C243,Netherlands,Spices,239,21.21,0,5069.19,Sea,23,LC,4,0,0
EXP2724,2026-09-21,C068,Saudi Arabia,Cashew,135,13.41,0,1810.35,Sea,12,Net30,4,0,0
EXP2725,2026-09-21,C218,Singapore,Coir Products,183,6.73,0,1231.59,Sea,15,Net30,5,0,0
EXP2726,2026-09-22,C087,Singapore,Coir Products,782,6.95,10,4891.41,Sea,17,Net30,4,0,0
EXP2727,2026-09-22,C105,Saudi Arabia,Seafood,109,18.34,0,1999.06,Air,3,Net30,4,0,0
EXP2728,2026-09-23,C076,Singapore,Seafood,221,17.07,5,3583.85,Air,4,Net60,4,0,0
EXP2729,2026-09-23,C205,Australia,Spices,300,18.71,0,5613.0,Sea,30,Net30,3,1,0
EXP2730,2026-09-23,C079,UK,Textiles,157,14.91,0,2340.87,Sea,26,Net60,4,0,1
EXP2731,2026-09-23,C192,Germany,Cashew,437,11.97,10,4707.8,Sea,24,Net30,5,0,0
EXP2732,2026-09-24,C175,UK,Textiles,954,12.75,10,10947.15,Sea,20,LC,4,0,0
EXP2733,2026-09-24,C226,Singapore,Rubber Goods,867,8.7,10,6788.61,Air,5,Net30,,0,0
EXP2734,2026-09-25,C299,UK,Textiles,280,16.45,5,4375.7,Sea,26,Advance,3,0,0
EXP2735,2026-09-25,C003,Singapore,Spices,256,17.55,0,4492.8,Sea,21,Advance,3,1,0
EXP2736,2026-09-26,C298,Singapore,Spices,273,17.32,0,4728.36,Sea,19,Net60,4,0,0
EXP2737,2026-09-26,C033,Netherlands,Seafood,201,16.91,0,3398.91,Air,6,LC,5,0,0
EXP2738,2026-09-27,C159,USA,Rubber Goods,245,7.38,0,1808.1,Air,7,LC,4,0,0
EXP2739,2026-09-30,C103,Saudi Arabia,Spices,155,15.16,0,2349.8,Air,4,Net60,4,0,0
EXP2740,2026-09-30,C192,Saudi Arabia,Spices,229,20.48,0,4689.92,Air,6,LC,4,0,0
EXP2741,2026-10-01,C217,Australia,Cashew,397,10.4,0,4128.8,Sea,27,Advance,5,0,0
EXP2742,2026-10-01,C258,Australia,Spices,183,18.04,5,3136.25,Air,5,Advance,3,0,0
EXP2743,2026-10-01,C121,Germany,Spices,62,16.68,0,1034.16,Sea,28,LC,4,0,0
EXP2744,2026-10-01,C280,Germany,Seafood,159,18.45,0,2933.55,Air,7,Advance,4,0,0
EXP2745,2026-10-01,C097,UAE,Cashew,860,12.13,5,9910.21,Sea,13,Advance,4,0,0
EXP2746,2026-10-01,C062,Netherlands,Seafood,274,15.54,5,4045.06,Air,9,Net30,5,0,0
EXP2747,2026-10-02,C114,USA,Textiles,586,12.02,10,6339.35,Sea,,LC,3,1,0
EXP2748,2026-10-03,C159,Saudi Arabia,Tea,257,8.63,5,2107.01,Sea,20,Net30,4,0,0
EXP2749,2026-10-04,C201,Singapore,Seafood,164,17.09,0,2802.76,Air,7,Advance,4,0,0
EXP2750,2026-10-04,C250,UK,Tea,98,9.2,0,901.6,Sea,23,LC,4,0,0
EXP2751,2026-10-04,C068,UAE,Tea,245,9.12,0,2234.4,Air,5,Net30,3,0,0
EXP2752,2026-10-04,C091,UAE,Seafood,266,16.41,0,4365.06,Air,3,LC,4,0,0
EXP2753,2026-10-05,C282,Singapore,Textiles,588,15.27,10,8080.88,Sea,19,LC,,1,1
EXP2754,2026-10-05,C132,UK,Seafood,143,15.92,5,2162.73,Air,6,LC,4,0,0
EXP2755,2026-10-05,C073,UAE,Spices,242,18.97,0,4590.74,Sea,15,Advance,5,0,0
EXP2756,2026-10-06,C296,Saudi Arabia,Rubber Goods,624,7.05,10,3959.28,Air,5,Advance,,0,0
EXP2757,2026-10-06,C135,USA,Textiles,357,18.29,5,6203.05,Sea,33,LC,5,1,0
EXP2758,2026-10-06,C296,Australia,Textiles,680,13.52,0,9193.6,Sea,29,Advance,3,1,0
EXP2759,2026-10-08,C276,USA,Seafood,242,16.39,5,3768.06,Air,8,Advance,4,0,0
EXP2760,2026-10-08,C272,UAE,Tea,335,9.61,0,3219.35,Sea,16,Advance,5,0,0
EXP2761,2026-10-09,C175,UAE,Cashew,147,10.46,0,1537.62,Air,3,Net30,5,0,0
EXP2762,2026-10-10,C240,UK,Textiles,384,14.01,5,5110.85,Air,5,LC,5,0,0
EXP2763,2026-10-10,C289,UK,Cashew,245,10.99,5,2557.92,Sea,20,Net30,3,0,0
EXP2764,2026-10-10,C081,Saudi Arabia,Seafood,143,14.25,0,2037.75,Air,5,Net30,3,1,0
EXP2765,2026-10-10,C012,UK,Textiles,162,14.74,0,2387.88,Sea,26,LC,5,0,0
EXP2766,2026-10-11,C097,USA,Spices,549,14.44,10,7134.8,Sea,27,LC,5,0,0
EXP2767,2026-10-11,C192,USA,Spices,534,21.79,10,10472.27,Air,5,LC,5,0,0
EXP2768,2026-10-12,C165,USA,Rubber Goods,552,8.76,5,4593.74,Sea,36,LC,3,1,0
EXP2769,2026-10-12,C025,Australia,Rubber Goods,693,8.61,5,5668.39,Sea,28,LC,3,1,0
EXP2770,2026-10-12,C169,UAE,Rubber Goods,786,6.33,10,4477.84,Sea,12,Advance,4,1,1
EXP2771,2026-10-13,C053,Netherlands,Spices,239,16.29,0,3893.31,Sea,28,Net60,4,0,0
EXP2772,2026-10-13,C152,USA,Tea,516,10.5,0,5418.0,Air,7,Net30,,0,0
EXP2773,2026-10-13,C173,UAE,Cashew,486,,0,8009.28,Sea,10,Advance,5,0,0
EXP2774,2026-10-14,C192,USA,Cashew,379,12.58,0,4767.82,Sea,32,Net60,2,1,0
EXP2775,2026-10-14,C124,UAE,Spices,402,20.24,10,7322.83,Sea,13,Advance,5,0,0
EXP2776,2026-10-15,C123,Singapore,Textiles,337,14.88,5,4763.83,Sea,19,Advance,5,0,0
EXP2777,2026-10-15,C204,UK,Spices,255,16.17,5,3917.18,Sea,22,,3,1,0
EXP2778,2026-10-16,C225,USA,Coir Products,2631,6.72,15,15028.27,Air,7,Net60,5,0,0
EXP2779,2026-10-17,C243,Saudi Arabia,Tea,759,7.81,0,5927.79,Sea,18,Advance,4,0,0
EXP2780,2026-10-17,C101,Germany,Spices,288,15.39,0,4432.32,Sea,18,Net30,4,0,0
EXP2781,2026-10-17,C128,Australia,Spices,138,15.25,5,1999.28,Sea,29,Net30,2,0,0
EXP2782,2026-10-17,C100,Netherlands,Seafood,219,17.87,5,3717.85,Air,5,LC,5,0,0
EXP2783,2026-10-17,C159,Saudi Arabia,Cashew,584,10.92,10,5739.55,Sea,21,LC,5,0,0
EXP2784,2026-10-18,C039,Singapore,Rubber Goods,906,8.1,0,7338.6,Sea,19,Advance,5,0,0
EXP2784,2026-10-18,C039,Singapore,Rubber Goods,906,8.1,0,7338.6,Sea,19,Advance,5,0,0
EXP2785,2026-10-18,C130,Singapore,Coir Products,178,5.99,0,1066.22,Air,5,Net30,4,0,0
EXP2786,2026-10-18,C057,UK,Coir Products,223,5.19,5,1099.5,Sea,22,LC,5,0,0
EXP2787,2026-10-18,C160,Saudi Arabia,Tea,144,8.28,0,1192.32,Air,5,LC,5,0,0
EXP2788,2026-10-20,C256,UAE,Textiles,680,12.96,0,8812.8,Air,5,Advance,2,1,0
EXP2789,2026-10-21,C296,Saudi Arabia,Tea,146,7.48,0,1092.08,Air,4,Net30,5,0,0
EXP2790,2026-10-21,C134,Netherlands,Cashew,179,10.33,0,1849.07,Sea,30,Net30,5,0,0
EXP2791,2026-10-21,C017,UAE,Cashew,311,9.57,5,2827.46,Sea,16,LC,2,1,0
EXP2792,2026-10-21,C069,Singapore,Seafood,400,17.11,5,6501.8,Air,8,LC,5,0,0
EXP2793,2026-10-21,C032,Australia,Tea,582,9.71,0,5651.22,Sea,26,LC,4,0,0
EXP2794,2026-10-22,C228,USA,Coir Products,578,5.07,10,2637.41,Sea,33,LC,2,1,0
EXP2795,2026-10-22,C296,UK,Tea,681,8.68,10,5319.97,Sea,23,Advance,4,0,0
EXP2796,2026-10-22,C167,Australia,Spices,750,22.01,5,15682.12,Sea,27,Net30,3,1,0
EXP2797,2026-10-24,C054,Netherlands,Cashew,353,9.71,5,3256.25,Sea,29,Advance,4,1,1
EXP2798,2026-10-24,C007,UAE,Textiles,211,14.72,0,3105.92,Air,4,Advance,4,0,0
EXP2799,2026-10-25,C293,USA,Cashew,183,11.14,5,1936.69,Sea,23,Advance,5,0,0
EXP2800,2026-10-25,C095,Saudi Arabia,Spices,136,20.36,0,2768.96,Sea,14,Advance,3,1,0
EXP2801,2026-10-26,C034,USA,Rubber Goods,369,8.28,0,3055.32,Air,7,Net30,5,0,0
EXP2802,2026-10-26,C054,USA,Rubber Goods,484,7.59,10,3306.2,Sea,29,Net30,4,0,0
EXP2803,2026-10-26,C077,UAE,Coir Products,808,6.05,0,4888.4,Sea,11,LC,4,0,0
EXP2804,2026-10-26,C197,UAE,Seafood,78,16.16,0,1260.48,Air,6,LC,4,0,0
EXP2805,2026-10-26,C268,Germany,Tea,179,8.9,0,1593.1,Sea,26,Net30,5,0,0
EXP2806,2026-10-27,C083,Germany,Cashew,484,9.26,5,4257.75,Sea,27,Net30,4,0,0
EXP2807,2026-10-29,C207,Germany,Seafood,153,18.39,0,2813.67,Air,4,Net30,4,0,0
EXP2808,2026-10-30,C020,Saudi Arabia,Cashew,195,12.41,5,2298.95,Sea,13,Net30,4,0,0
EXP2809,2026-10-30,C004,UK,Cashew,296,9.62,0,2847.52,Sea,25,Net30,5,0,0
EXP2810,2026-10-31,C017,USA,Coir Products,1406,5.78,10,7314.01,Sea,33,Net30,2,1,0
EXP2811,2026-10-31,C277,UAE,Cashew,522,,10,5026.86,Sea,19,Net60,,1,1
EXP2812,2026-10-31,C175,UAE,Textiles,753,12.06,10,8173.06,Sea,18,Net30,,0,0
EXP2813,2026-10-31,C242,USA,Spices,631,13.97,5,8374.32,Sea,32,Net30,3,1,0
EXP2814,2026-10-31,C007,UAE,Spices,311,16.55,5,4889.7,Sea,11,Net30,4,1,1
EXP2815,2026-11-01,C007,UAE,Cashew,885,10.53,0,9319.05,Air,5,Advance,5,0,0
EXP2816,2026-11-01,C255,UAE,Textiles,1387,11.58,10,14455.31,Sea,13,LC,4,0,0
EXP2817,2026-11-01,C031,Saudi Arabia,Coir Products,257,6.13,5,1496.64,Air,5,Net60,4,0,0
EXP2818,2026-11-02,C047,Germany,Seafood,64,18.23,5,1108.38,Air,5,LC,4,0,0
EXP2819,2026-11-02,C156,Australia,Textiles,261,15.41,0,4022.01,Sea,25,Advance,5,0,0
EXP2820,2026-11-02,C182,Singapore,Tea,830,8.86,5,6986.11,Sea,18,LC,4,0,0
EXP2821,2026-11-02,C069,Germany,Coir Products,600,4.67,10,2521.8,Sea,27,Advance,4,0,0
EXP2822,2026-11-02,C134,UAE,Textiles,416,15.2,5,6007.04,Sea,19,,3,0,0
EXP2823,2026-11-03,C203,Germany,Cashew,553,11.19,10,5569.26,Air,7,LC,4,0,0
EXP2824,2026-11-03,C133,UAE,Textiles,357,14.71,5,4988.9,Air,4,LC,3,0,0
EXP2825,2026-11-03,C115,UK,Coir Products,769,7.39,10,5114.62,Air,7,LC,4,0,0
EXP2826,2026-11-03,C022,USA,Cashew,483,9.91,0,4786.53,Air,7,Advance,2,0,0
EXP2827,2026-11-04,C136,UK,Cashew,185,7.21,0,1333.85,Sea,24,LC,3,1,0
EXP2828,2026-11-04,C241,USA,Seafood,98,,0,1370.04,Air,7,Advance,5,0,0
EXP2829,2026-11-04,C189,Saudi Arabia,Spices,264,19.05,0,5029.2,Sea,21,LC,4,0,0
EXP2830,2026-11-04,C268,Singapore,Cashew,379,11.04,0,4184.16,Sea,16,Net30,,0,0
EXP2831,2026-11-05,C038,Saudi Arabia,Coir Products,1057,5.12,5,5141.25,Air,3,Advance,5,0,0
EXP2832,2026-11-06,C004,Germany,Spices,128,14.93,0,1911.04,Sea,28,Net60,5,0,0
EXP2833,2026-11-06,C165,UK,Textiles,322,13.4,0,4314.8,Sea,20,Net30,4,0,1
EXP2834,2026-11-06,C054,UAE,Cashew,919,9.36,5,8171.75,Sea,19,Advance,3,1,0
EXP2835,2026-11-06,C179,Saudi Arabia,Coir Products,1199,6.37,15,6491.99,Air,5,LC,5,0,0
EXP2836,2026-11-07,C272,Germany,Cashew,317,10.46,5,3150.03,Sea,24,Advance,4,0,0
EXP2837,2026-11-07,C102,USA,Tea,818,8.32,10,6125.18,Sea,30,Advance,3,1,0
EXP2838,2026-11-07,C165,USA,Spices,128,16.36,0,2094.08,Sea,30,Net60,5,0,0
EXP2839,2026-11-07,C205,Australia,Tea,369,9.28,5,3253.1,Sea,30,Net30,3,1,0
EXP2840,2026-11-07,C046,Germany,Coir Products,756,6.03,10,4102.81,Sea,25,Net30,5,0,0
EXP2841,2026-11-07,C270,UK,Textiles,412,14.34,10,5317.27,Air,8,Net30,4,0,0
EXP2842,2026-11-08,C061,Germany,Seafood,175,16.35,0,2861.25,Air,8,Net60,4,0,0
EXP2843,2026-11-08,C243,UK,Cashew,513,10.9,0,5591.7,Sea,21,Net60,4,0,0
EXP2844,2026-11-09,C198,UK,Spices,453,15.77,0,7143.81,Sea,25,Advance,4,0,1
EXP2845,2026-11-09,C043,USA,Tea,320,8.21,0,2627.2,Sea,27,Advance,4,1,0
EXP2846,2026-11-09,C218,UK,Spices,100,17.15,0,1715.0,Sea,26,LC,4,0,0
EXP2847,2026-11-09,C059,Saudi Arabia,Textiles,171,17.47,5,2838.0,Sea,19,LC,,0,0
EXP2848,2026-11-11,C180,UAE,Tea,90,7.54,0,678.6,Sea,14,LC,4,0,0
EXP2849,2026-11-11,C288,Singapore,Coir Products,1667,5.7,15,8076.62,Sea,19,LC,3,0,0
EXP2850,2026-11-11,C286,USA,Cashew,514,11.13,10,5148.74,Air,8,Net30,5,0,0
EXP2851,2026-11-11,C262,Saudi Arabia,Textiles,676,13.49,10,8207.32,Sea,12,Advance,4,0,0
EXP2852,2026-11-11,C149,Germany,Tea,294,10.16,5,2837.69,Sea,24,Net30,4,0,0
EXP2853,2026-11-12,C168,Germany,Tea,293,8.67,0,2540.31,Air,,LC,5,0,0
EXP2854,2026-11-12,C091,Germany,Textiles,924,13.61,5,11946.86,Air,6,Advance,4,0,0
EXP2855,2026-11-13,C277,Netherlands,Textiles,156,15.37,5,2277.83,Sea,26,Net30,4,0,0
EXP2856,2026-11-13,C144,UK,Spices,197,21.91,0,4316.27,Sea,27,LC,2,1,0
EXP2857,2026-11-13,C232,Saudi Arabia,Seafood,416,18.7,0,7779.2,Air,4,Net30,3,1,0
EXP2858,2026-11-14,C108,Saudi Arabia,Coir Products,526,5.9,5,2948.23,Air,4,Net60,4,0,0
EXP2859,2026-11-14,C223,USA,Coir Products,999,5.96,5,5656.34,Sea,35,Advance,3,0,0
EXP2860,2026-11-14,C068,USA,Spices,244,18.1,5,4195.58,Sea,24,LC,5,0,0
EXP2861,2026-11-15,C221,UK,Tea,44,9.16,0,403.04,Sea,23,Advance,4,1,0
EXP2862,2026-11-15,C014,USA,Tea,396,8.08,0,3199.68,Sea,27,Advance,4,1,0
EXP2863,2026-11-15,C032,USA,Tea,445,10.01,10,4009.0,Sea,29,Net60,4,1,0
EXP2864,2026-11-15,C106,USA,Textiles,453,14.35,10,5850.5,Air,7,Net30,5,0,0
EXP2865,2026-11-15,C145,Germany,Coir Products,303,5.97,5,1718.46,Sea,28,LC,5,0,0
EXP2866,2026-11-16,C214,UAE,Seafood,190,13.56,0,2576.4,Air,4,Net30,5,0,0
EXP2867,2026-11-16,C108,Singapore,Rubber Goods,133,8.06,0,1071.98,Sea,14,Net60,4,0,0
EXP2868,2026-11-16,C006,UK,Spices,196,13.91,0,2726.36,Air,6,Advance,3,0,0
EXP2869,2026-11-17,C098,Saudi Arabia,Spices,392,16.74,0,6562.08,Sea,17,Advance,4,0,0
EXP2870,2026-11-17,C132,UAE,Cashew,807,10.26,0,8279.82,Sea,18,Net30,5,0,0
EXP2871,2026-11-18,C164,UK,Rubber Goods,1282,8.28,10,9553.46,Air,4,Net30,,0,0
EXP2872,2026-11-18,C194,UAE,Seafood,105,19.61,5,1956.1,Air,2,Advance,5,0,0
EXP2873,2026-11-18,C075,Saudi Arabia,Spices,88,19.24,5,1608.46,Air,6,LC,5,0,0
EXP2874,2026-11-18,C184,USA,Tea,472,10.56,10,4485.89,Air,6,Advance,4,0,0
EXP2875,2026-11-19,C190,Netherlands,Spices,257,19.39,5,4734.07,Sea,27,Net30,3,0,0
EXP2876,2026-11-19,C233,USA,Seafood,298,18.16,5,5141.1,Air,5,Net30,4,0,0
EXP2877,2026-11-20,C157,Germany,Textiles,334,17.12,5,5432.18,Sea,27,LC,4,0,0
EXP2878,2026-11-22,C244,USA,Coir Products,698,5.47,0,3818.06,Air,8,Net30,5,0,0
EXP2879,2026-11-22,C067,Germany,Textiles,506,12.66,0,6405.96,Air,7,LC,5,0,0
EXP2880,2026-11-23,C214,UK,Tea,334,9.72,5,3084.16,Air,6,Net30,4,0,0
EXP2881,2026-11-23,C014,USA,Textiles,147,13.99,0,2056.53,Air,5,Net30,5,0,0
EXP2882,2026-11-24,C031,UAE,Spices,388,18.48,0,7170.24,Sea,20,LC,3,1,0
EXP2883,2026-11-24,C260,UAE,Textiles,569,13.58,0,7727.02,Sea,12,LC,3,0,0
EXP2884,2026-11-24,C143,UAE,Cashew,539,10.21,5,5228.03,Sea,17,Advance,4,0,0
EXP2885,2026-11-24,C187,Netherlands,Textiles,923,16.72,10,13889.3,Sea,28,Net30,4,1,0
EXP2886,2026-11-25,C182,UK,Tea,399,7.81,5,2960.38,Air,6,Net30,4,0,0
EXP2887,2026-11-25,C209,UAE,Seafood,325,17.32,0,5629.0,Air,6,LC,4,0,0
EXP2888,2026-11-26,C074,Netherlands,Cashew,818,11.69,5,9084.3,Air,5,Net60,3,0,0
EXP2889,2026-11-26,C054,UAE,Spices,727,14.59,10,9546.24,Sea,15,Net30,3,0,0
EXP2890,2026-11-27,C013,UK,Spices,305,16.21,5,4696.85,Sea,22,Advance,4,0,0
EXP2891,2026-11-27,C260,Saudi Arabia,Textiles,640,12.89,5,7837.12,Air,3,Advance,3,0,0
EXP2892,2026-11-27,C068,Australia,Tea,504,9.61,10,4359.1,Sea,27,LC,4,0,0
EXP2893,2026-11-27,C173,Saudi Arabia,Spices,351,17.21,5,5738.67,Sea,13,Advance,5,0,0
EXP2894,2026-11-27,C137,UK,Spices,450,17.82,10,7217.1,Sea,24,Net60,4,0,0
EXP2895,2026-11-27,C049,Netherlands,Spices,298,14.85,0,4425.3,Sea,24,Net30,5,0,0
EXP2896,2026-11-28,C125,UAE,Coir Products,1875,7.67,15,12224.06,Sea,18,Advance,4,1,0
EXP2897,2026-11-29,C025,Netherlands,Textiles,1294,14.12,15,15530.59,Sea,28,LC,2,1,0
EXP2898,2026-11-29,C054,Singapore,Spices,267,19.08,0,5094.36,Air,3,Advance,4,0,0
EXP2899,2026-11-29,C042,Australia,Cashew,354,10.29,5,3460.53,Air,7,LC,3,1,0
EXP2900,2026-12-01,C248,USA,Tea,318,8.3,0,2639.4,Air,7,Advance,4,0,0
EXP2901,2026-12-01,C171,UAE,Tea,604,11.07,10,6017.65,Sea,12,Net30,5,0,0
EXP2902,2026-12-01,C278,Saudi Arabia,Tea,353,,0,2446.29,Air,5,Net30,,0,0
EXP2903,2026-12-01,C131,UK,Cashew,247,11.37,0,2808.39,Sea,26,Net60,3,0,0
EXP2904,2026-12-02,C061,UK,Rubber Goods,835,6.84,5,5425.83,Sea,22,Advance,4,0,0
EXP2905,2026-12-02,C183,Australia,Coir Products,323,5.71,0,1844.33,Sea,33,LC,4,0,0
EXP2906,2026-12-02,C279,Germany,Spices,454,16.62,10,6790.93,Air,5,Net30,4,0,0
EXP2907,2026-12-02,C160,USA,Tea,610,7.94,10,4359.06,Air,5,LC,2,1,0
EXP2908,2026-12-02,C006,UK,Spices,628,18.08,10,10218.82,Air,8,LC,4,0,1
EXP2909,2026-12-02,C092,UAE,Seafood,257,11.07,5,2702.74,Air,4,Net60,4,0,0
EXP2910,2026-12-02,C278,UAE,Spices,399,17.32,0,6910.68,Sea,13,Net30,4,0,0
EXP2911,2026-12-03,C156,UAE,Rubber Goods,89,7.91,5,668.79,Sea,16,Net60,5,0,0
EXP2912,2026-12-03,C286,Singapore,Textiles,861,11.72,10,9081.83,Sea,20,LC,3,1,0
EXP2913,2026-12-03,C153,Saudi Arabia,Coir Products,1399,7.09,10,8927.02,Sea,13,Net30,5,0,0
EXP2914,2026-12-03,C004,UK,Seafood,240,14.86,5,3388.08,Air,8,LC,4,0,0
EXP2915,2026-12-03,C262,USA,Spices,190,17.49,0,3323.1,Sea,34,LC,2,1,0
EXP2916,2026-12-04,C229,Saudi Arabia,Cashew,417,10.22,5,4048.65,Sea,18,Advance,4,0,0
EXP2917,2026-12-04,C215,Singapore,Spices,454,17.82,5,7685.77,Sea,18,Net30,5,0,0
EXP2918,2026-12-04,C292,Australia,Seafood,407,18.51,10,6780.21,Air,7,LC,5,0,0
EXP2919,2026-12-04,C059,Germany,Coir Products,198,7.78,5,1463.42,Sea,28,Net30,5,0,0
EXP2920,2026-12-05,C272,Singapore,Spices,1075,19.61,10,18972.68,Sea,14,Net60,4,0,0
EXP2921,2026-12-05,C070,UK,Seafood,154,18.09,0,2785.86,Air,6,Net30,3,1,0
EXP2922,2026-12-05,C292,UK,Spices,404,21.71,10,7893.76,Sea,24,Advance,4,1,0
EXP2923,2026-12-05,C058,Australia,Spices,558,18.54,10,9310.79,Sea,31,Net30,4,0,0
EXP2924,2026-12-05,C166,USA,Cashew,336,13.07,5,4171.94,Air,5,LC,4,0,0
EXP2925,2026-12-07,C237,USA,Coir Products,1335,6.57,5,8332.4,Air,6,LC,5,0,0
EXP2926,2026-12-07,C024,USA,Seafood,61,16.28,0,993.08,Air,6,Advance,3,1,0
EXP2927,2026-12-08,C021,UK,Textiles,105,14.59,0,1531.95,Sea,25,Net30,3,1,0
EXP2928,2026-12-08,C255,Germany,Textiles,1022,10.94,15,9503.58,Sea,25,Net30,5,0,0
EXP2929,2026-12-08,C019,Saudi Arabia,Tea,792,9.32,10,6643.3,Sea,14,Net60,3,0,0
EXP2930,2026-12-08,C185,UK,Spices,337,14.67,0,4943.79,Sea,22,LC,2,1,0
EXP2931,2026-12-09,C282,UAE,Rubber Goods,1062,6.44,5,6497.32,Air,4,LC,3,0,0
EXP2932,2026-12-09,C185,Australia,Spices,657,18.42,5,11496.84,Sea,25,Advance,4,0,0
EXP2933,2026-12-09,C145,USA,Coir Products,1516,5.2,10,7094.88,Sea,27,Net60,4,0,0
EXP2934,2026-12-09,C126,Australia,Tea,435,8.99,0,3910.65,Air,6,Net30,4,0,0
EXP2935,2026-12-10,C192,UAE,Tea,519,9.15,10,4273.96,Sea,16,Net60,4,0,0
EXP2936,2026-12-10,C172,Germany,Textiles,468,14.31,0,6697.08,Sea,29,LC,3,0,0
EXP2937,2026-12-10,C151,UK,Cashew,287,9.81,0,2815.47,Sea,23,Advance,4,1,0
EXP2938,2026-12-11,C047,Singapore,Cashew,572,12.19,10,6275.41,Sea,18,Net30,3,0,1
EXP2939,2026-12-11,C199,UAE,Seafood,193,15.83,5,2902.43,Air,4,LC,4,0,0
EXP2940,2026-12-12,C222,Australia,Tea,714,9.48,10,6091.85,Air,7,LC,3,0,0
EXP2941,2026-12-12,C213,UK,Coir Products,671,5.14,5,3276.49,Sea,28,Advance,4,0,0
EXP2942,2026-12-13,C023,Germany,Spices,275,17.61,0,4842.75,Air,6,Advance,4,0,0
EXP2943,2026-12-14,C211,UK,Cashew,204,12.45,5,2412.81,Sea,22,LC,5,0,0
EXP2944,2026-12-14,C219,UAE,Tea,703,10.05,5,6711.89,Air,6,,3,0,0
EXP2945,2026-12-14,C056,UK,Textiles,140,12.66,0,1772.4,Sea,26,Net30,3,1,0
EXP2946,2026-12-15,C255,USA,Spices,522,16.82,0,8780.04,Sea,34,Net30,3,0,0
EXP2947,2026-12-15,C158,USA,Cashew,1145,9.69,15,9430.79,Sea,33,Advance,4,0,0
EXP2948,2026-12-16,C142,Germany,Cashew,374,10.13,5,3599.19,Sea,26,Net30,,0,0
EXP2949,2026-12-17,C217,UK,Seafood,227,13.31,5,2870.3,Air,6,LC,3,1,0
EXP2950,2026-12-17,C153,UAE,Spices,89,17.7,0,1575.3,Sea,18,Advance,3,0,0
EXP2951,2026-12-17,C164,UAE,Rubber Goods,451,8.61,0,3883.11,Air,4,LC,5,0,0
EXP2952,2026-12-17,C094,UAE,Tea,763,8.15,0,6218.45,Sea,17,Advance,4,0,0
EXP2953,2026-12-17,C279,UAE,Tea,826,8.9,10,6616.26,Sea,16,Net60,3,0,0
EXP2954,2026-12-18,C291,Germany,Tea,505,8.76,0,4423.8,Air,7,,4,0,0
EXP2955,2026-12-19,C040,UAE,Tea,737,10.14,5,7099.52,Sea,14,LC,5,0,0
EXP2956,2026-12-19,C220,Australia,Textiles,311,12.97,5,3831.99,Sea,26,Net30,3,1,0
EXP2957,2026-12-19,C008,UAE,Tea,576,8.38,10,4344.19,Air,4,LC,3,0,0
EXP2958,2026-12-19,C111,UAE,Tea,999,8.09,0,8081.91,Sea,16,Advance,4,0,0
EXP2959,2026-12-20,C291,Australia,Textiles,772,12.09,5,8866.81,Sea,28,Net30,2,1,0
EXP2960,2026-12-20,C053,USA,Seafood,542,17.02,10,8302.36,Air,6,Net30,5,0,0
EXP2961,2026-12-20,C114,UK,Textiles,1325,13.77,5,17332.99,Sea,28,Net30,,1,0
EXP2962,2026-12-20,C066,Netherlands,Textiles,718,14.09,5,9610.79,Sea,30,Advance,5,0,0
EXP2963,2026-12-20,C219,Netherlands,Spices,20,20.75,5,394.25,Air,7,LC,4,0,0
EXP2964,2026-12-20,C140,Saudi Arabia,Cashew,653,12.76,5,7915.67,Air,3,Advance,5,0,1
EXP2965,2026-12-20,C178,UAE,Spices,112,14.44,0,1617.28,Sea,12,Advance,3,0,0
EXP2966,2026-12-21,C283,Germany,Tea,49,9.7,0,475.3,Sea,29,Advance,5,0,0
EXP2967,2026-12-22,C157,Netherlands,Spices,62,18.49,0,1146.38,Sea,30,Advance,3,0,0
EXP2968,2026-12-23,C221,Netherlands,Textiles,1020,13.22,5,12810.18,Sea,31,LC,3,0,0
EXP2969,2026-12-23,C030,UAE,Tea,601,9.35,5,5338.38,Air,4,LC,5,0,1
EXP2970,2026-12-24,C065,USA,Textiles,616,11.1,10,6153.84,Sea,24,Net30,2,1,0
EXP2971,2026-12-24,C285,USA,Tea,636,10.58,0,6728.88,Sea,31,LC,3,1,0
EXP2972,2026-12-24,C258,UAE,Coir Products,174,6.37,0,1108.38,Sea,18,Advance,3,0,0
EXP2973,2026-12-25,C198,Saudi Arabia,Coir Products,623,,5,3184.15,Air,6,Net60,5,0,0
EXP2974,2026-12-25,C114,USA,Spices,174,16.74,0,2912.76,Sea,34,Net60,5,0,0
EXP2975,2026-12-26,C060,USA,Coir Products,783,4.77,5,3548.16,Air,7,Advance,5,0,0
EXP2976,2026-12-26,C256,UAE,Textiles,600,13.47,10,7273.8,Sea,14,LC,4,0,0
EXP2977,2026-12-26,C236,UK,Textiles,744,13.19,0,9813.36,Sea,21,Advance,,0,0
EXP2978,2026-12-28,C073,UAE,Spices,405,15.14,10,5518.53,Sea,18,Net60,4,0,0
EXP2979,2026-12-28,C177,UK,Textiles,136,15.3,5,1976.76,Sea,22,LC,5,0,0
EXP2980,2026-12-28,C186,UAE,Tea,392,10.38,5,3865.51,Sea,20,Advance,4,0,0
EXP2981,2026-12-28,C144,Netherlands,Spices,269,17.94,0,4825.86,Sea,21,Net30,5,0,0
EXP2982,2026-12-28,C279,UAE,Spices,110,17.34,0,1907.4,Sea,18,Net30,4,0,0
EXP2983,2026-12-29,C038,UK,Coir Products,272,6.31,5,1630.5,Sea,25,Advance,4,0,0
EXP2984,2026-12-29,C078,UAE,Tea,104,8.98,0,933.92,Air,4,LC,4,0,0
EXP2985,2026-12-29,C029,UAE,Textiles,183,12.18,0,2228.94,Air,5,LC,4,0,0
EXP2986,2026-12-30,C208,UAE,Tea,735,8.3,5,5795.48,Sea,10,LC,,0,0
EXP2987,2026-12-30,C194,UAE,Cashew,104,10.61,5,1048.27,Sea,14,LC,5,0,0
EXP2988,2026-12-30,C297,UAE,Tea,148,9.27,5,1303.36,Air,6,Net30,4,0,0
EXP2989,2026-12-31,C163,UK,Textiles,572,14.02,5,7618.47,Sea,27,Net30,5,0,0
EXP2990,2026-12-31,C046,Germany,Cashew,460,11.28,5,4929.36,Air,6,Net30,5,0,0
